replicate	auroc	auprc	test	gt_draw
0	0.85736170418084	0.8297808361498543	ks	0
1	0.8894893140548172	0.8608879754828577	ks	0
2	0.8552163964753419	0.8239487122053972	ks	0
3	0.8715109406286943	0.8405491424098888	ks	0
4	0.8961421419456169	0.8566391099554483	ks	0
0	0.859207256760995	0.8352350139046275	mwu	0
1	0.8886373594274866	0.8662736419978745	mwu	0
2	0.8771846550800837	0.8434637790133133	mwu	0
3	0.8767219126197197	0.8519055724716389	mwu	0
4	0.8914547953273781	0.8526002751529155	mwu	0
0	0.7975682130708548	0.6511317796425197	pseudobulk	0
1	0.8465538709441148	0.7233128007341872	pseudobulk	0
2	0.8731365459858352	0.7971561212620649	pseudobulk	0
3	0.8567947697281127	0.7940373686800569	pseudobulk	0
4	0.8633797977814862	0.7788452687913504	pseudobulk	0
0	0.8558056500446312	0.8361673194555632	ttest	0
1	0.8789007351151356	0.8603372302238375	ttest	0
2	0.8948005135295278	0.8609986284808345	ttest	0
3	0.8780729053581336	0.8524457523955924	ttest	0
4	0.8930008834789438	0.8647926004699817	ttest	0
0	0.7828720143989881	0.6919219438281715	wald_auto	0
1	0.8637775268210051	0.8336508469139582	wald_auto	0
2	0.8753838855459288	0.8443178547719429	wald_auto	0
3	0.8963836819377096	0.8713153453835883	wald_auto	0
4	0.8444120163035275	0.7593348832397179	wald_auto	0
0	0.885900625294157	0.8611611292943028	ks	1
1	0.8756340579710147	0.8610646000145675	ks	1
2	0.8489208633093525	0.8274675495845737	ks	1
3	0.8395526569398687	0.8244669562645953	ks	1
4	0.8717097837374148	0.8554655440993494	ks	1
0	0.8828974203814518	0.86381737799278	mwu	1
1	0.8682518115942028	0.8595147119643972	mwu	1
2	0.855330688720052	0.8479219928750051	mwu	1
3	0.8593200206190189	0.8410426413846234	mwu	1
4	0.8908528601742741	0.8690474589905489	mwu	1
0	0.8428732014388489	0.7797208117087451	pseudobulk	1
1	0.8490981781836355	0.7797170545492571	pseudobulk	1
2	0.8484502117931823	0.7577141377159725	pseudobulk	1
3	0.8638506123001286	0.8165178136536625	pseudobulk	1
4	0.8603300873222695	0.7846612334866484	pseudobulk	1
0	0.8876711714740358	0.8728889786382772	ttest	1
1	0.8826723002135295	0.8737793044714749	ttest	1
2	0.8765324189246734	0.8610334952385936	ttest	1
3	0.8781924460431655	0.8633837008885553	ttest	1
4	0.8958618175189136	0.8775022350477009	ttest	1
0	0.7906023550724637	0.7753847264065051	wald_auto	1
1	0.8689518876925174	0.857823313815776	wald_auto	1
2	0.6417371826779491	0.5867748094915464	wald_auto	1
3	0.6325881518431229	0.39003477786938623	wald_auto	1
4	0.7834010902707198	0.7386535686687306	wald_auto	1
0	0.8559861441870535	0.8445243663543178	ks	2
1	0.838211734141589	0.829928542682321	ks	2
2	0.88603593851483	0.8699194363000974	ks	2
3	0.8606171317897702	0.8447638068756754	ks	2
4	0.8703451008011269	0.8610461637722249	ks	2
0	0.8641697337085948	0.8496087850031194	mwu	2
1	0.8378003896947392	0.8345550948035376	mwu	2
2	0.8830266291405067	0.8727686575937706	mwu	2
3	0.8676379963024912	0.853556529456283	mwu	2
4	0.8699049212078529	0.8710880924097293	mwu	2
0	0.842195615811251	0.8118050707559712	pseudobulk	2
1	0.789882930431572	0.7401362478542235	pseudobulk	2
2	0.8344446849967526	0.7583427889969379	pseudobulk	2
3	0.8420195439739413	0.7978042853680678	pseudobulk	2
4	0.8500968395105203	0.8155053753430057	pseudobulk	2
0	0.8641848016848017	0.8556639019008063	ttest	2
1	0.8505087681316302	0.8407981460401045	ttest	2
2	0.8861225373457459	0.880371335330563	ttest	2
3	0.866779646095607	0.8579573336401634	ttest	2
4	0.8779822167444317	0.8793256153646999	ttest	2
0	0.8662576141567738	0.8519426680106049	wald_auto	2
1	0.6377806440329669	0.5972064025762245	wald_auto	2
2	0.8750108951451233	0.867068898201332	wald_auto	2
3	0.6918918918918918	0.6232562204411337	wald_auto	2
4	0.8455486053739328	0.8422756876462622	wald_auto	2
0	0.8859450001182285	0.8502227371052394	ks	3
1	0.8127497576316474	0.7866576119243451	ks	3
2	0.8571090775815186	0.8128830545577975	ks	3
3	0.8511740086543236	0.8231354367042083	ks	3
4	0.8622521582392562	0.8484840490077376	ks	3
0	0.8725497150694	0.8427962466314882	mwu	3
1	0.8308387127284764	0.810289938640124	mwu	3
2	0.8806128963609279	0.8335773123477475	mwu	3
3	0.8463266416022323	0.8245747078766434	mwu	3
4	0.8691063466464282	0.8523704751156782	mwu	3
0	0.8281062676833069	0.7438211890078037	pseudobulk	3
1	0.8151379726182876	0.7042204944676554	pseudobulk	3
2	0.8146414130666099	0.6468797063365589	pseudobulk	3
3	0.7936628403377288	0.6731921158494482	pseudobulk	3
4	0.8493470038299593	0.7881285867719238	pseudobulk	3
0	0.874310650745696	0.8465961976881788	ttest	3
1	0.8550755479889337	0.836946153215791	ttest	3
2	0.8865243195951859	0.8457987573806747	ttest	3
3	0.8627264965373304	0.832476544155461	ttest	3
4	0.872255394057616	0.8582411429600452	ttest	3
0	0.869419268210809	0.8401290315204971	wald_auto	3
1	0.6929043255913062	0.6338261715360292	wald_auto	3
2	0.49892412097136507	0.27541478108404627	wald_auto	3
3	0.8827720364741641	0.8610826634416109	wald_auto	3
4	0.873090909090909	0.8586329470488767	wald_auto	3
0	0.9152706552706554	0.8954123014803705	ks	4
1	0.9129583563663166	0.8861100017488373	ks	4
2	0.8892307692307692	0.877797417161893	ks	4
3	0.9029971509971509	0.8753821294226811	ks	4
4	0.8714596949891068	0.8530002147836453	ks	4
0	0.9128660968660969	0.8981015852313083	mwu	4
1	0.9271927400036852	0.9047614628026541	mwu	4
2	0.9073276353276353	0.8912970282840391	mwu	4
3	0.9001937321937321	0.8783482039992963	mwu	4
4	0.8678591904598096	0.8556585684207987	mwu	4
0	0.8706697991523862	0.7938287963472389	pseudobulk	4
1	0.8864241348713398	0.7927633697063889	pseudobulk	4
2	0.8742792022792023	0.7979516583265737	pseudobulk	4
3	0.8766039886039887	0.8246702699244363	pseudobulk	4
4	0.8441233803462905	0.7642067214869682	pseudobulk	4
0	0.922171549659112	0.9046557511586457	ttest	4
1	0.9373272526257601	0.9070002575332909	ttest	4
2	0.9175384615384615	0.9043352502243533	ttest	4
3	0.9008319088319088	0.8826911012389398	ttest	4
4	0.8801972250888659	0.8686741787686587	ttest	4
0	0.9083842540632664	0.8903109790989028	wald_auto	4
1	0.7620588235294118	0.7459202137552681	wald_auto	4
2	0.558665008291874	0.3592083686266289	wald_auto	4
3	0.6222962112514351	0.39035590858117586	wald_auto	4
4	0.592362548884288	0.38354314811602164	wald_auto	4
