fit	dataset	canonical	n_pairs	median_pct	p95_pct	max_pct	pct_pairs_over_10pct
seelig_cm_moib_nb_phantom	seelig	1	2688	0.08038	0.2836	2799	0.4836
seelig_cm_moib_zinb_phantom	seelig	0	2688	0.08907	0.3922	2797	0.4836
cohen_obsingle_nb_phantom	cohen	1	453	0.1018	0.3056	12.85	0.2208
shendure_obs_nb	shendure	1	1462	0.1615	0.565	8.593	0
shendure_cm_moib_nb_phantom	shendure	0	2080	0.1742	3515	1.403e+04	29.86
cohen_obs_nb_phantom_20260401	cohen	0	453	0.2043	30.9	1.141e+04	9.051
cohen_obsingle_zinb_phantom	cohen	0	453	0.2377	0.6795	95.44	0.2208
seelig_cm_nb_phantom	seelig	0	2688	0.2535	1.288	291	0.6696
seelig_cm_zinb_phantom	seelig	0	2688	0.4149	1.49	91.33	0.6696
cohen_cm_nb_phantom_20260401	cohen	0	456	0.7507	31.9	343	12.5
cohen_obs_zinb_phantom_20260401	cohen	0	453	1.226	85.18	2.504e+04	14.35
cohen_cm_zinb_phantom_20260401	cohen	0	456	2.866	42.33	785.5	22.59
shendure_obs_zinb	shendure	0	1462	2.887	16.24	46.84	13.41
shendure_cm_nb_phantom	shendure	0	2080	9.732	188.7	1246	49.71
shendure_cm_zinb_phantom	shendure	0	2080	15.81	91.41	597.3	62.45
