comparison_CRE	comparison_cell_type	reference_CRE	reference_cell_type	meta	test_statistic	p_value	fold_change	flattened	ref_mean	comp_mean	test_type	bh_p
synthcre_0	ct_1	reference	ct_1		464369.5	6.189025393733551e-81	0.5255865051733976	False	1.3069165520709718	0.6821535682079827	mwu_strict	5.371606945504592e-80
synthcre_109	ct_1	reference	ct_1		49753.0	6.180218489699735e-14	0.4727615569037595	False	1.3069165520709718	0.6125875194694035	mwu_strict	2.256270242271332e-13
synthcre_111	ct_1	reference	ct_1		174305.5	1.2003672526774637e-05	0.7735906006974811	False	1.3069165520709718	1.0087542665850386	mwu_strict	2.369823760650787e-05
synthcre_116	ct_1	reference	ct_1		217436.5	4.3374674240096096e-06	0.7834463116331053	False	1.3069165520709718	1.021733415448589	mwu_strict	8.947242219930137e-06
synthcre_118	ct_1	reference	ct_1		3243887.5	5.172642939910647e-05	1.090372082938474	False	1.3069165520709718	1.4259290439377788	mwu_strict	9.555886555658223e-05
synthcre_124	ct_1	reference	ct_1		1227155.0	0.6302827357599528	0.9898754436880004	False	1.3069165520709718	1.2935833562813248	mwu_strict	0.6726915509270958
synthcre_137	ct_1	reference	ct_1		341530.5	2.980343739143434e-49	0.5715520204179703	False	1.3069165520709718	0.742686316058031	mwu_strict	1.904108500008305e-48
synthcre_164	ct_1	reference	ct_1		307775.5	1.427046818391014e-44	0.5601467021245748	False	1.3069165520709718	0.7276664636158208	mwu_strict	8.525214759219044e-44
synthcre_18	ct_1	reference	ct_1		2733600.0	0.07992086276981702	1.0425892598806632	False	1.3069165520709718	1.3630030533482693	mwu_strict	0.10156925474319864
synthcre_187	ct_1	reference	ct_1		98650.5	7.405778090907538e-09	0.6541450908870446	False	1.3069165520709718	0.8514544976451193	mwu_strict	2.025212773501293e-08
synthcre_209	ct_1	reference	ct_1		578369.0	5.4923922707894245e-05	0.8647323537599103	False	1.3069165520709718	1.128780349777717	mwu_strict	0.00010106001778252541
synthcre_222	ct_1	reference	ct_1		637232.5	1.5629564636782057e-12	0.7930918243297903	False	1.3069165520709718	1.0344357507720643	mwu_strict	5.325629431792404e-12
synthcre_255	ct_1	reference	ct_1		2752503.0	0.033220437046093586	1.0559203618351591	False	1.3069165520709718	1.3805590021694907	mwu_strict	0.04481349278945176
synthcre_272	ct_1	reference	ct_1		116248.0	4.5178840711320886e-05	0.7480883203434936	False	1.3069165520709718	0.9751698914713183	mwu_strict	8.448075905368945e-05
synthcre_293	ct_1	reference	ct_1		245539.5	4.0237579320337655e-07	0.7600430949656434	False	1.3069165520709718	0.9909133320475052	mwu_strict	9.590303879458716e-07
synthcre_294	ct_1	reference	ct_1		162049.5	1.1954506434046169e-23	0.565740076169794	False	1.3069165520709718	0.7350324704778941	mwu_strict	5.669147381094059e-23
synthcre_295	ct_1	reference	ct_1		606684.5	9.754794266555717e-06	0.8608335179364099	False	1.3069165520709718	1.123645908347942	mwu_strict	1.9509588533111435e-05
synthcre_298	ct_1	reference	ct_1		1911965.5	0.7297277247990128	0.998951376142484	False	1.3069165520709718	1.3055356019561124	mwu_strict	0.7611672412869521
synthcre_30	ct_1	reference	ct_1		39803.5	0.0003295653280883485	0.678697748680664	False	1.3069165520709718	0.883788299090871	mwu_strict	0.0005656718317934341
synthcre_300	ct_1	reference	ct_1		13688.5	0.21293716895854176	0.7712049367198668	False	1.3069165520709718	1.005612546205239	mwu_strict	0.2521720411535989
synthcre_323	ct_1	reference	ct_1		854693.0	0.003700730495354377	0.915458515528317	False	1.3069165520709718	1.1955824718335615	mwu_strict	0.005731771137585904
synthcre_324	ct_1	reference	ct_1		2407436.0	0.491017140008555	1.024356984031812	False	1.3069165520709718	1.3389926675009933	mwu_strict	0.5365032883703926
synthcre_327	ct_1	reference	ct_1		61677.0	1.3470606022421231e-10	0.5678596954131139	False	1.3069165520709718	0.7378238321435102	mwu_strict	4.273433634699149e-10
synthcre_329	ct_1	reference	ct_1		4617090.0	0.010724623996076136	1.0652234907079816	False	1.3069165520709718	1.39281044656816	mwu_strict	0.01586278790416406
synthcre_335	ct_1	reference	ct_1		2046241.5	0.551430840132756	1.0001076967627975	False	1.3069165520709718	1.3070583797205044	mwu_strict	0.5968427916731006
synthcre_340	ct_1	reference	ct_1		12313.0	6.923843027437424e-05	0.4290962754969654	False	1.3069165520709718	0.5550839876339595	mwu_strict	0.00012689114711638308
synthcre_352	ct_1	reference	ct_1		3789669.0	0.011512380696031915	1.0646099734705294	False	1.3069165520709718	1.3920024955631782	mwu_strict	0.016919153738577258
synthcre_358	ct_1	reference	ct_1		1983892.0	0.7732527208123907	1.0027477134960772	False	1.3069165520709718	1.3105350614543045	mwu_strict	0.8029260757871326
synthcre_386	ct_1	reference	ct_1		878498.5	0.0008654639170333927	0.9101457205427153	False	1.3069165520709718	1.1885859641792629	mwu_strict	0.0014218335779834308
synthcre_400	ct_1	reference	ct_1		10464.5	0.03147896522431767	0.5963033182838193	False	1.3069165520709718	0.7752817099028066	mwu_strict	0.04284119527569861
synthcre_402	ct_1	reference	ct_1		907689.5	0.3683482746266066	0.9631638453212308	False	1.3069165520709718	1.258406410259854	mwu_strict	0.41126263671902674
synthcre_450	ct_1	reference	ct_1		4897615.0	0.00011457356522972171	1.0871971155117575	False	1.3069165520709718	1.4217478767812497	mwu_strict	0.0002058743750221562
synthcre_455	ct_1	reference	ct_1		541335.0	0.00315640181638732	0.8806271816266633	False	1.3069165520709718	1.149712511687763	mwu_strict	0.00493858787598016
synthcre_48	ct_1	reference	ct_1		534568.0	3.3641702386418893e-06	0.8442700701127749	False	1.3069165520709718	1.1018332297496332	mwu_strict	7.098707843005822e-06
synthcre_49	ct_1	reference	ct_1		200762.5	4.537783135111289e-10	0.7305715991772342	False	1.3069165520709718	0.9521018314294594	mwu_strict	1.3915868281007953e-09
synthcre_59	ct_1	reference	ct_1		735407.5	5.805049024034332e-49	0.673512435020135	False	1.3069165520709718	0.8769596737036407	mwu_strict	3.657976097336702e-48
synthcre_66	ct_1	reference	ct_1		998948.0	0.01572504475058137	0.9375868825915232	False	1.3069165520709718	1.2247236846893998	mwu_strict	0.022675613119960594
synthcre_69	ct_1	reference	ct_1		1685879.0	0.14969924949981464	1.0367231501841347	False	1.3069165520709718	1.355277876392647	mwu_strict	0.1836310793864393
synthcre_70	ct_1	reference	ct_1		560392.5	0.00015243883448148111	0.8743789890613857	False	1.3069165520709718	1.141484163478022	mwu_strict	0.00027074078710996645
synthcre_82	ct_1	reference	ct_1		215204.0	3.160684509164578e-07	0.74705916013717	False	1.3069165520709718	0.9738145733608778	mwu_strict	7.572473303206802e-07
synthcre_93	ct_1	reference	ct_1		156916.5	4.983567799207711e-35	0.4879279744212582	False	1.3069165520709718	0.6325604257338167	mwu_strict	2.6656292879483107e-34
synthcre_97	ct_1	reference	ct_1		4434260.5	0.004047087833249219	1.0698796924662415	False	1.3069165520709718	1.3989422757333942	mwu_strict	0.006247182561391412
synthcre_273	ct_1	reference	ct_1		748249.5	2.9040812851556463e-05	0.8766862789738823	False	1.3069165520709718	1.1445226717542152	mwu_strict	5.5894451513455954e-05
synthcre_346	ct_1	reference	ct_1		25823.0	1.5697765004036568e-05	0.516100472780378	False	1.3069165520709718	0.6696612551361338	mwu_strict	3.0727540007901363e-05
synthcre_190	ct_1	reference	ct_1		658350.0	0.016174838115840348	0.9064530150096828	False	1.3069165520709718	1.1837229791408883	mwu_strict	0.023178895742325734
synthcre_292	ct_1	reference	ct_1		2727860.0	0.032419228708045277	1.0539645532947266	False	1.3069165520709718	1.3779833655299134	mwu_strict	0.04387905627653823
synthcre_193	ct_1	reference	ct_1		889528.0	0.01319197756352014	0.9262773641732066	False	1.3069165520709718	1.209829992688367	mwu_strict	0.019203511643098938
synthcre_276	ct_1	reference	ct_1		102885.0	8.32513052218478e-07	0.685185923653558	False	1.3069165520709718	0.8923326841054078	mwu_strict	1.8680780683926824e-06
synthcre_361	ct_1	reference	ct_1		262267.0	2.7807095967656187e-12	0.7093680505894305	False	1.3069165520709718	0.9241785273315395	mwu_strict	9.405341283177827e-12
synthcre_431	ct_1	reference	ct_1		1654753.0	0.8002388532619362	1.0040891047787472	False	1.3069165520709718	1.3123015618372564	mwu_strict	0.8253584585212795
synthcre_448	ct_1	reference	ct_1		262002.5	8.359980599645105e-06	0.7893323164929155	False	1.3069165520709718	1.0294847926740434	mwu_strict	1.6792974130291478e-05
synthcre_126	ct_1	reference	ct_1		2731724.0	0.2180778343420008	1.036761165438577	False	1.3069165520709718	1.3553279393104534	mwu_strict	0.2565621580494127
synthcre_132	ct_1	reference	ct_1		1546840.5	0.6353278632150265	1.0047736269885337	False	1.3069165520709718	1.3132030204655845	mwu_strict	0.6765065210160005
synthcre_173	ct_1	reference	ct_1		668769.0	2.8586926544341227e-21	0.7706958958336498	False	1.3069165520709718	1.004942181836499	mwu_strict	1.2523796390854252e-20
synthcre_196	ct_1	reference	ct_1		664869.0	1.288014780119438e-22	0.748208043371778	False	1.3069165520709718	0.9753275567089301	mwu_strict	5.75229901800914e-22
synthcre_198	ct_1	reference	ct_1		183301.0	4.453515110064196e-20	0.6218595957195633	False	1.3069165520709718	0.8089371946672557	mwu_strict	1.9145952809621778e-19
synthcre_219	ct_1	reference	ct_1		837166.0	0.009853035880096827	0.9273626379514975	False	1.3069165520709718	1.211259207690527	mwu_strict	0.014620633886595291
synthcre_22	ct_1	reference	ct_1		119728.0	0.003032478066114089	0.7852181476833403	False	1.3069165520709718	1.0240667756706996	mwu_strict	0.004760887066254201
synthcre_224	ct_1	reference	ct_1		123741.0	1.0720548237087609e-296	0.08978327664083512	False	1.3069165520709718	0.10823708310748281	mwu_strict	3.7934247608156155e-295
synthcre_229	ct_1	reference	ct_1		578994.0	8.732951777795697e-05	0.862454951359118	False	1.3069165520709718	1.1257812008603874	mwu_strict	0.000157535600697491
synthcre_23	ct_1	reference	ct_1		929236.5	0.2962384422405855	0.9617983412534581	False	1.3069165520709718	1.256608155351084	mwu_strict	0.3398246469592751
synthcre_256	ct_1	reference	ct_1		246883.0	0.0004369281784146482	0.8067277069634589	False	1.3069165520709718	1.0523930703144395	mwu_strict	0.0007389226546718314
synthcre_258	ct_1	reference	ct_1		1152686.5	0.22303852339691332	0.9693568422237004	False	1.3069165520709718	1.2665620703876406	mwu_strict	0.2617288794963779
synthcre_261	ct_1	reference	ct_1		6173896.0	0.0003218694769565381	1.0812850940291379	False	1.3069165520709718	1.4139622378345886	mwu_strict	0.0005566163887218328
synthcre_288	ct_1	reference	ct_1		1113964.0	0.09828522984899417	0.9565573400779166	False	1.3069165520709718	1.2497061941535899	mwu_strict	0.12386631706996526
synthcre_29	ct_1	reference	ct_1		240444.0	1.1074367179519547e-07	0.7639862583293492	False	1.3069165520709718	0.9961061491486893	mwu_strict	2.7388219906338665e-07
synthcre_303	ct_1	reference	ct_1		16891.0	4.88684811356301e-06	0.4396632846641306	False	1.3069165520709718	0.5689998569120851	mwu_strict	9.946682001057454e-06
synthcre_311	ct_1	reference	ct_1		1090013.0	2.8377688521766646e-05	0.9088792578837707	False	1.3069165520709718	1.186918138541119	mwu_strict	5.4847633277364107e-05
synthcre_325	ct_1	reference	ct_1		964858.5	0.07504419897871853	0.9480303236045757	False	1.3069165520709718	1.2384768250200655	mwu_strict	0.09615691234041927
synthcre_333	ct_1	reference	ct_1		226310.5	8.749463426106277e-22	0.6182866575837143	False	1.3069165520709718	0.8042319332966306	mwu_strict	3.8699549769316226e-21
synthcre_343	ct_1	reference	ct_1		5243535.5	0.00649979449077439	1.0674186878124101	False	1.3069165520709718	1.3957013379700403	mwu_strict	0.009867674804475972
synthcre_348	ct_1	reference	ct_1		1763560.0	0.7781017038531249	1.0114618809679707	False	1.3069165520709718	1.3220108928355598	mwu_strict	0.8060449958870239
synthcre_35	ct_1	reference	ct_1		1530296.0	0.8412723420728815	1.004063562743747	False	1.3069165520709718	1.3122679251085914	mwu_strict	0.8599672830078344
synthcre_37	ct_1	reference	ct_1		1999329.0	0.15659019171089011	1.0363735906572384	False	1.3069165520709718	1.354817535665743	mwu_strict	0.19157310688034426
synthcre_387	ct_1	reference	ct_1		2648386.0	0.0709580538795374	1.044753624321595	False	1.3069165520709718	1.3658533407052462	mwu_strict	0.09168737299041349
synthcre_419	ct_1	reference	ct_1		1860881.0	0.6666289103049777	1.0121833927142272	False	1.3069165520709718	1.3229610635967184	mwu_strict	0.7049409166443443
synthcre_427	ct_1	reference	ct_1		366794.0	4.996184962661922e-07	0.8043780297540051	False	1.3069165520709718	1.049298741505286	mwu_strict	1.154897026544967e-06
synthcre_441	ct_1	reference	ct_1		1761503.0	0.26974305948442023	1.0266221158405853	False	1.3069165520709718	1.3419756570725894	mwu_strict	0.3125486331557514
synthcre_55	ct_1	reference	ct_1		519521.5	1.057857394408081e-05	0.8369466019714142	False	1.3069165520709718	1.0921888333357108	mwu_strict	2.0974758682229195e-05
synthcre_57	ct_1	reference	ct_1		273112.0	8.651516060769792e-16	0.689338874915328	False	1.3069165520709718	0.8978017743619766	mwu_strict	3.372624905045851e-15
synthcre_71	ct_1	reference	ct_1		163213.0	2.369093802168997e-13	0.6534589241296018	False	1.3069165520709718	0.850550873284762	mwu_strict	8.3189553358606e-13
synthcre_80	ct_1	reference	ct_1		1027281.0	0.0004168373711886804	0.9162126385763834	False	1.3069165520709718	1.1965755889578582	mwu_strict	0.0007101673731362703
synthcre_114	ct_1	reference	ct_1		40554.0	0.0015772118245637417	0.6632200222182939	False	1.3069165520709718	0.863405424924149	mwu_strict	0.0025191577753448653
synthcre_130	ct_1	reference	ct_1		7115022.5	0.00024594393498651235	1.0827317892201058	False	1.3069165520709718	1.415867414677376	mwu_strict	0.0004334644064896386
synthcre_158	ct_1	reference	ct_1		64645.0	3.785827224393497e-08	0.6074224056692299	False	1.3069165520709718	0.7899246201245773	mwu_strict	9.674891795672269e-08
synthcre_161	ct_1	reference	ct_1		97476.5	9.414773188384834e-100	0.24023565804794997	False	1.3069165520709718	0.30637031448100727	mwu_strict	9.214458865227709e-99
synthcre_162	ct_1	reference	ct_1		1657351.0	0.0109059333624374	0.9587668587090117	False	1.3069165520709718	1.2526159458109882	mwu_strict	0.016079260726670524
synthcre_168	ct_1	reference	ct_1		238812.0	4.648995337448846e-08	0.7454190891520763	False	1.3069165520709718	0.9716547367340367	mwu_strict	1.1815126271969443e-07
synthcre_175	ct_1	reference	ct_1		2033230.0	0.2907246070229621	1.0276285637306444	False	1.3069165520709718	1.3433010649578052	mwu_strict	0.33433329807640644
synthcre_200	ct_1	reference	ct_1		75628.5	3.996159173805401e-09	0.5970642995014441	False	1.3069165520709718	0.7762838586641119	mwu_strict	1.1277504416874138e-08
synthcre_214	ct_1	reference	ct_1		3271408.5	0.07309836030004556	1.0474036512587135	False	1.3069165520709718	1.3693432050421714	mwu_strict	0.09392526742463955
synthcre_231	ct_1	reference	ct_1		792148.0	0.03936493321711978	0.9306797204347674	False	1.3069165520709718	1.21562752851733	mwu_strict	0.05203410712607787
synthcre_259	ct_1	reference	ct_1		62981.0	1.8105665065849683e-15	0.5008540477185502	False	1.3069165520709718	0.6495829856123032	mwu_strict	6.9405049419090455e-15
synthcre_26	ct_1	reference	ct_1		405621.5	0.00012315162799449877	0.8427123449006666	False	1.3069165520709718	1.0997818356342295	mwu_strict	0.0002204270384337332
synthcre_285	ct_1	reference	ct_1		1051583.0	0.3648411354020523	0.969737424760755	False	1.3069165520709718	1.2670632658301169	mwu_strict	0.4093339567925465
synthcre_312	ct_1	reference	ct_1		3045251.0	0.006308266492893903	1.064786808204188	False	1.3069165520709718	1.3922353721509144	mwu_strict	0.009608617836858263
synthcre_315	ct_1	reference	ct_1		1270778.0	0.600494182039097	0.989056829345918	False	1.3069165520709718	1.2925053095044738	mwu_strict	0.6438865355197777
synthcre_332	ct_1	reference	ct_1		67756.0	1.0878220570074987e-147	0.12192853633905018	False	1.3069165520709718	0.15056970767468214	mwu_strict	1.61418756846274e-146
synthcre_372	ct_1	reference	ct_1		2746664.5	0.16609692232030993	1.0411773965237021	False	1.3069165520709718	1.361143747124225	mwu_strict	0.2026646797542243
synthcre_380	ct_1	reference	ct_1		831348.5	0.07981419367984713	0.9393359845683854	False	1.3069165520709718	1.2270271060339897	mwu_strict	0.10156925474319864
synthcre_405	ct_1	reference	ct_1		558921.5	2.490002041973615e-05	0.8573462856446735	False	1.3069165520709718	1.119053514422038	mwu_strict	4.832915355729379e-05
synthcre_444	ct_1	reference	ct_1		77415.0	5.72002663487468e-09	0.619337048768658	False	1.3069165520709718	0.8056152108342325	mwu_strict	1.5946740921468807e-08
synthcre_47	ct_1	reference	ct_1		1355068.5	0.23337763374045017	0.9710962086770617	False	1.3069165520709718	1.268852670860189	mwu_strict	0.27316466035777887
synthcre_7	ct_1	reference	ct_1		531103.0	0.0004275372553740035	0.8686495064447114	False	1.3069165520709718	1.1339389129853208	mwu_strict	0.0007257089943617771
synthcre_81	ct_1	reference	ct_1		38106.0	0.0006029048460990725	0.6307352796100041	False	1.3069165520709718	0.8206257296935269	mwu_strict	0.001001213823846835
synthcre_316	ct_1	reference	ct_1		1107851.5	0.3124335381549027	0.9660055676875097	False	1.3069165520709718	1.262148721480397	mwu_strict	0.3557411573050872
synthcre_452	ct_1	reference	ct_1		581686.5	0.026041422516099432	0.9075166223983135	False	1.3069165520709718	1.185123661315881	mwu_strict	0.03597313620842564
synthcre_366	ct_1	reference	ct_1		1433870.5	0.950548388015746	0.9944897786704133	False	1.3069165520709718	1.2996600503964646	mwu_strict	0.9576771152737931
synthcre_110	ct_1	reference	ct_1		6445.5	0.05046060365636444	0.5665953101813006	False	1.3069165520709718	0.7361587423035412	mwu_strict	0.06594283432365808
synthcre_363	ct_1	reference	ct_1		33839.5	1.834131665800698e-09	0.4729221991254341	False	1.3069165520709718	0.6127990718700882	mwu_strict	5.44322945979562e-09
synthcre_4	ct_1	reference	ct_1		53940.0	2.3460410653100672e-07	0.5936270717763892	False	1.3069165520709718	0.7717573165797498	mwu_strict	5.709941217156777e-07
synthcre_92	ct_1	reference	ct_1		1792701.0	0.6065726521147451	1.013467540185556	False	1.3069165520709718	1.3246521786570113	mwu_strict	0.6488916743553087
synthcre_106	ct_1	reference	ct_1		1724195.5	0.8297503030887929	1.007332730895506	False	1.3069165520709718	1.3165731467591457	mwu_strict	0.8519757576358141
synthcre_265	ct_1	reference	ct_1		1993874.0	0.0008744141949941937	1.072940495789178	False	1.3069165520709718	1.4029730982920032	mwu_strict	0.0014314253725883597
synthcre_341	ct_1	reference	ct_1		1582998.0	0.6906407872257971	1.0145100777971314	False	1.3069165520709718	1.3260251136938517	mwu_strict	0.7269903023429444
synthcre_0	ct_2	reference	ct_2		591515359.0	0.06907705116141984	0.9865320464601661	False	1.2904691042718692	1.2729544467955463	mwu_strict	0.08976113992726871
synthcre_109	ct_2	reference	ct_2		31890125.5	9.674555579143737e-118	0.6338235778819346	False	1.2904691042718692	0.8142679805945108	mwu_strict	1.0349524573037486e-116
synthcre_111	ct_2	reference	ct_2		75437442.0	2.5678317441448446e-156	0.6984819255595576	False	1.2904691042718692	0.8983541640825283	mwu_strict	4.724810409226514e-155
synthcre_114	ct_2	reference	ct_2		20746107.0	1.8666628290552768e-63	0.649392612748779	False	1.2904691042718692	0.8345150294221735	mwu_strict	1.3210229251775807e-62
synthcre_118	ct_2	reference	ct_2		1482439418.0	2.121421945494766e-37	1.0653929710546586	False	1.2904691042718692	1.3755106427649975	mwu_strict	1.1480636410912852e-36
synthcre_132	ct_2	reference	ct_2		784823600.5	0.013482011265924595	1.0134712514541877	False	1.2904691042718692	1.3079880505839179	mwu_strict	0.01956380183698837
synthcre_137	ct_2	reference	ct_2		265790944.0	4.4393265190716234e-67	0.8680720297243568	False	1.2904691042718692	1.1189008549390977	mwu_strict	3.293693868988624e-66
synthcre_158	ct_2	reference	ct_2		30695275.0	5.401295129896806e-140	0.613448547852814	False	1.2904691042718692	0.7877708835430279	mwu_strict	6.901654888201473e-139
synthcre_164	ct_2	reference	ct_2		267956444.5	7.078258349436081e-12	0.9275823331054232	False	1.2904691042718692	1.1962921658720203	mwu_strict	2.376641489591677e-11
synthcre_173	ct_2	reference	ct_2		451027390.5	6.578169538847049e-23	0.9380061574410339	False	1.2904691042718692	1.2098480273688392	mwu_strict	2.995998007791725e-22
synthcre_175	ct_2	reference	ct_2		1012390002.0	3.293309190819217e-13	1.0397179060076078	False	1.2904691042718692	1.3421210139211373	mwu_strict	1.1390392690051428e-12
synthcre_18	ct_2	reference	ct_2		1075527486.5	1.5193268793599819e-53	0.9563926639991982	False	1.2904691042718692	1.233759111083224	mwu_strict	9.984148064365594e-53
synthcre_187	ct_2	reference	ct_2		52965094.5	1.838963344801991e-178	0.6417143934435805	False	1.2904691042718692	0.8245297424399389	mwu_strict	4.699572992271755e-177
synthcre_193	ct_2	reference	ct_2		474458326.0	0.9619268425765568	0.9885443458367934	False	1.2904691042718692	1.2755713799633956	mwu_strict	0.9640225437586408
synthcre_198	ct_2	reference	ct_2		87305991.5	7.165403154663844e-171	0.7034408998939765	False	1.2904691042718692	0.9048031569933173	mwu_strict	1.5695645005454133e-169
synthcre_200	ct_2	reference	ct_2		39954748.5	4.620185049456712e-129	0.6479780986374494	False	1.2904691042718692	0.8326754975228328	mwu_strict	5.449449032692533e-128
synthcre_209	ct_2	reference	ct_2		294021423.5	5.600711095357783e-69	0.8755521522196598	False	1.2904691042718692	1.1286285231404083	mwu_strict	4.2938785064409675e-68
synthcre_214	ct_2	reference	ct_2		1656583552.0	3.7375858844892417e-38	1.0671094840396116	False	1.2904691042718692	1.3777429148690103	mwu_strict	2.046773222458394e-37
synthcre_22	ct_2	reference	ct_2		42040691.5	1.1317592140093844e-147	0.6406031258378329	False	1.2904691042718692	0.823084573252086	mwu_strict	1.62690387013849e-146
synthcre_222	ct_2	reference	ct_2		179059904.5	0.0	0.5240020419207162	False	1.2904691042718692	0.6714484660932643	mwu_strict	0.0
synthcre_224	ct_2	reference	ct_2		1571416274.0	4.074414753287493e-40	1.0679067678037621	False	1.2904691042718692	1.3787797577716256	mwu_strict	2.313865168533638e-39
synthcre_229	ct_2	reference	ct_2		300778616.0	1.3750857358784493e-48	0.8921578509400716	False	1.2904691042718692	1.1502237212811508	mwu_strict	8.433859180054489e-48
synthcre_23	ct_2	reference	ct_2		447785554.5	1.1770394870062007e-18	0.9436884725860335	False	1.2904691042718692	1.2172377026556473	mwu_strict	4.877821297503174e-18
synthcre_255	ct_2	reference	ct_2		1409408570.0	1.4149602119840502e-31	1.0607651993340235	False	1.2904691042718692	1.3694923686206883	mwu_strict	7.481398821984634e-31
synthcre_256	ct_2	reference	ct_2		112194846.5	5.333591742678558e-154	0.7420826307199394	False	1.2904691042718692	0.955055534068072	mwu_strict	9.08686000604495e-153
synthcre_272	ct_2	reference	ct_2		56529746.5	6.337047530043765e-138	0.6791827667696897	False	1.2904691042718692	0.8732562043378682	mwu_strict	7.878491523838195e-137
synthcre_273	ct_2	reference	ct_2		433695945.0	0.003392955939953103	0.9718823095816812	False	1.2904691042718692	1.2539029165993645	mwu_strict	0.005272836933710904
synthcre_276	ct_2	reference	ct_2		44837670.0	8.987789216944989e-155	0.6417252770117277	False	1.2904691042718692	0.8245438961840585	mwu_strict	1.5901473229979595e-153
synthcre_285	ct_2	reference	ct_2		423378834.0	2.978244877623167e-164	0.8567971975380465	False	1.2904691042718692	1.1042382840249512	mwu_strict	5.956489755246333e-163
synthcre_288	ct_2	reference	ct_2		571531397.5	0.0006751343027184397	0.9780666354243795	False	1.2904691042718692	1.2619454412885438	mwu_strict	0.0011131246568117643
synthcre_292	ct_2	reference	ct_2		1185519723.0	9.180899316705238e-08	0.9957877121411773	False	1.2904691042718692	1.2849911540531709	mwu_strict	2.2952248291763093e-07
synthcre_293	ct_2	reference	ct_2		125173871.0	2.624614789152141e-131	0.7660200467733519	False	1.2904691042718692	0.9861854040816362	mwu_strict	3.1771652710789076e-130
synthcre_294	ct_2	reference	ct_2		100478404.5	2.446192129051706e-174	0.717867533508339	False	1.2904691042718692	0.9235645482874457	mwu_strict	5.922359891388342e-173
synthcre_30	ct_2	reference	ct_2		18340745.0	7.841502157803765e-114	0.5679346286811767	False	1.2904691042718692	0.7285814378459865	mwu_strict	8.197934074067573e-113
synthcre_303	ct_2	reference	ct_2		7503095.5	1.1509657199082676e-64	0.5176039448731993	False	1.2904691042718692	0.6631279385568354	mwu_strict	8.272566111840673e-64
synthcre_311	ct_2	reference	ct_2		610060618.0	9.405949459563518e-07	0.9727124675909126	False	1.2904691042718692	1.2549825114420337	mwu_strict	2.1003576463103e-06
synthcre_315	ct_2	reference	ct_2		653593188.5	0.8618576628171966	0.9985982374077009	False	1.2904691042718692	1.2886461553290602	mwu_strict	0.8790565962215309
synthcre_316	ct_2	reference	ct_2		547235786.5	4.63512500465478e-06	0.9717190723948415	False	1.2904691042718692	1.253690631681211	mwu_strict	9.513382608627918e-06
synthcre_323	ct_2	reference	ct_2		457732243.0	0.04285962153623109	0.9783092104116139	False	1.2904691042718692	1.2622609025649112	mwu_strict	0.05616930457739686
synthcre_324	ct_2	reference	ct_2		1172550791.5	5.986812134594753e-19	1.0487168219213068	False	1.2904691042718692	1.3538238260388433	mwu_strict	2.5035759835578057e-18
synthcre_327	ct_2	reference	ct_2		40149414.5	4.302121797371649e-168	0.6226092731549611	False	1.2904691042718692	0.7996841237711918	mwu_strict	8.995345576322539e-167
synthcre_329	ct_2	reference	ct_2		2294140952.0	1.777952600674291e-66	1.084810299556642	False	1.2904691042718692	1.4007622785693243	mwu_strict	1.2981876131907523e-65
synthcre_332	ct_2	reference	ct_2		208442428.5	3.309277605474826e-110	0.8235849994696013	False	1.2904691042718692	1.0610468465519802	mwu_strict	3.3092776054748257e-109
synthcre_333	ct_2	reference	ct_2		137664689.0	1.2020517228307313e-149	0.7625057798118284	False	1.2904691042718692	0.9816152084740117	mwu_strict	1.8431459750071214e-148
synthcre_335	ct_2	reference	ct_2		1170071271.5	9.502566302555088e-70	1.083555900645294	False	1.2904691042718692	1.3991309715406839	mwu_strict	7.536518102026449e-69
synthcre_340	ct_2	reference	ct_2		4273712.0	2.02354825923085e-40	0.5108011642372611	False	1.2904691042718692	0.6542811325166589	mwu_strict	1.1635402490577388e-39
synthcre_343	ct_2	reference	ct_2		2732352957.5	1.0562109017445804e-76	1.0902331066349473	False	1.2904691042718692	1.4078144716330874	mwu_strict	8.997352125972351e-76
synthcre_346	ct_2	reference	ct_2		14569508.0	2.1301678046832347e-76	0.5888696212946591	False	1.2904691042718692	0.7558067489379803	mwu_strict	1.7815948911896143e-75
synthcre_348	ct_2	reference	ct_2		871933428.0	0.00014165629860845734	1.0227040094973607	False	1.2904691042718692	1.319994967166282	mwu_strict	0.000252565493642986
synthcre_35	ct_2	reference	ct_2		842743883.5	1.1478857801618523e-22	1.0467670728179925	False	1.2904691042718692	1.3512882375689013	mwu_strict	5.176739792886785e-22
synthcre_352	ct_2	reference	ct_2		1878423937.0	2.5672236017086344e-52	1.0763068121344501	False	1.2904691042718692	1.3897037558981995	mwu_strict	1.6632716292760167e-51
synthcre_358	ct_2	reference	ct_2		998709881.5	3.255525899101496e-09	1.0344113438225266	False	1.2904691042718692	1.3352199937495417	mwu_strict	9.301502568861418e-09
synthcre_361	ct_2	reference	ct_2		127563064.0	6.59020386155418e-154	0.755859552457175	False	1.2904691042718692	0.9729719951393183	mwu_strict	1.082676348683901e-152
synthcre_37	ct_2	reference	ct_2		980351507.5	3.869244078317873e-10	1.0338007690313367	False	1.2904691042718692	1.334425960097752	mwu_strict	1.2026028892069065e-09
synthcre_380	ct_2	reference	ct_2		428300636.0	1.9269998868265928e-13	0.9469731619730434	False	1.2904691042718692	1.2215093397205834	mwu_strict	6.818614984155637e-13
synthcre_386	ct_2	reference	ct_2		456135877.5	8.312704622973534e-17	0.9465452444607813	False	1.2904691042718692	1.2209528462167096	mwu_strict	3.3250818491894137e-16
synthcre_400	ct_2	reference	ct_2		2960285.0	2.3349466108837094e-67	0.38787765953425135	False	1.2904691042718692	0.4944229124615769	mwu_strict	1.7607794114860758e-66
synthcre_402	ct_2	reference	ct_2		236294540.0	0.0	0.6129255566709222	False	1.2904691042718692	0.787090749669171	mwu_strict	0.0
synthcre_419	ct_2	reference	ct_2		483921775.0	0.0	0.7307200337864843	False	1.2904691042718692	0.9402788278118193	mwu_strict	0.0
synthcre_427	ct_2	reference	ct_2		171871320.0	3.2832899503375895e-127	0.7961239857246345	False	1.2904691042718692	1.0253346466046658	mwu_strict	3.775783442888228e-126
synthcre_431	ct_2	reference	ct_2		836110717.5	0.005647290166558264	1.017388378041231	False	1.2904691042718692	1.3130821526878895	mwu_strict	0.008630410221318278
synthcre_448	ct_2	reference	ct_2		126320102.5	7.94536711296676e-141	0.7614106448283651	False	1.2904691042718692	0.9801910192630103	mwu_strict	1.0442482491327742e-139
synthcre_450	ct_2	reference	ct_2		704052640.5	0.0	0.7048609173344419	False	1.2904691042718692	0.9066498458021697	mwu_strict	0.0
synthcre_455	ct_2	reference	ct_2		274975708.5	1.320657747328036e-39	0.8939300598870694	False	1.2904691042718692	1.1525284242630356	mwu_strict	7.319307997239717e-39
synthcre_48	ct_2	reference	ct_2		275537744.0	2.915020032888391e-48	0.8855205930957913	False	1.2904691042718692	1.1415921725175782	mwu_strict	1.7643542304324472e-47
synthcre_49	ct_2	reference	ct_2		113166646.0	3.8855128946557474e-172	0.7316315537808518	False	1.2904691042718692	0.9414642314024202	mwu_strict	8.93667965770822e-171
synthcre_55	ct_2	reference	ct_2		263687216.5	5.048821960314088e-71	0.8660938026222244	False	1.2904691042718692	1.1163282317115413	mwu_strict	4.074487897797334e-70
synthcre_57	ct_2	reference	ct_2		145388922.0	2.68773054564248e-141	0.7735965291732393	False	1.2904691042718692	0.9960383853617494	mwu_strict	3.636341326457473e-140
synthcre_59	ct_2	reference	ct_2		698111140.5	0.9514313949567901	0.9993602325487402	False	1.2904691042718692	1.2896371064675871	mwu_strict	0.9576771152737931
synthcre_66	ct_2	reference	ct_2		503476908.0	1.9146350550634323e-09	0.962803941741577	False	1.2904691042718692	1.2420967797060936	mwu_strict	5.645718752110121e-09
synthcre_70	ct_2	reference	ct_2		265092663.0	1.4185883719349818e-74	0.8625445934730283	False	1.2904691042718692	1.1117125948684126	mwu_strict	1.165269019803735e-73
synthcre_71	ct_2	reference	ct_2		96259331.0	2.092180548602904e-41	0.8258912390054811	False	1.2904691042718692	1.0640460398154423	mwu_strict	1.218231711844729e-40
synthcre_82	ct_2	reference	ct_2		98370413.5	1.636252506456057e-161	0.7228525724559266	False	1.2904691042718692	0.9300474374223753	mwu_strict	3.136150637374109e-160
synthcre_93	ct_2	reference	ct_2		74000093.0	0.0	0.4758454635554323	False	1.2904691042718692	0.6088223237617654	mwu_strict	0.0
synthcre_97	ct_2	reference	ct_2		1968358472.5	0.5152621111816262	1.0264431463598052	False	1.2904691042718692	1.3248575991325349	mwu_strict	0.5603323194882933
synthcre_124	ct_2	reference	ct_2		624922851.5	0.035494156640615324	0.9878270715111744	False	1.2904691042718692	1.2746385868636407	mwu_strict	0.0473255421874871
synthcre_161	ct_2	reference	ct_2		133082859.5	2.2782650362667622e-302	0.6923688926620631	False	1.2904691042718692	0.8904043536659392	mwu_strict	8.733349305689255e-301
synthcre_196	ct_2	reference	ct_2		484252301.0	0.32668271323096143	0.9855172232597352	False	1.2904691042718692	1.2716347005770876	mwu_strict	0.36831874530941733
synthcre_259	ct_2	reference	ct_2		35983795.5	1.567149003403294e-124	0.6390969581130173	False	1.2904691042718692	0.8211258486601118	mwu_strict	1.758264735525647e-123
synthcre_261	ct_2	reference	ct_2		2605071349.5	0.16871401806786646	1.0330939237201058	False	1.2904691042718692	1.3335067296089966	mwu_strict	0.2036967147276078
synthcre_29	ct_2	reference	ct_2		113624315.0	1.2685020485497059e-186	0.7257732382651102	False	1.2904691042718692	0.9338456730711218	mwu_strict	3.6469433895804044e-185
synthcre_295	ct_2	reference	ct_2		325749955.5	1.1480861538251883e-42	0.8995331518613393	False	1.2904691042718692	1.1598150722639673	mwu_strict	6.770764496917777e-42
synthcre_298	ct_2	reference	ct_2		961409426.0	7.09426238753979e-08	1.0310998998936214	False	1.2904691042718692	1.3309135632294717	mwu_strict	1.7832572121684718e-07
synthcre_387	ct_2	reference	ct_2		1282907311.0	3.106060548415904e-23	1.053208059439485	False	1.2904691042718692	1.3596645416711808	mwu_strict	1.443220052799309e-22
synthcre_405	ct_2	reference	ct_2		260812599.5	1.1618941048954168e-69	0.8665326358534663	False	1.2904691042718692	1.1168989207706992	mwu_strict	9.05883539409986e-69
synthcre_441	ct_2	reference	ct_2		984053223.5	6.930661509290302e-98	1.0972924563456878	False	1.2904691042718692	1.4169949378281559	mwu_strict	6.641883946403206e-97
synthcre_47	ct_2	reference	ct_2		687926820.5	0.8663009405909763	0.9978251986923586	False	1.2904691042718692	1.2876408423633516	mwu_strict	0.8816337006014361
synthcre_80	ct_2	reference	ct_2		510259093.0	1.499501695075635e-25	0.9397268858206563	False	1.2904691042718692	1.212085781463382	mwu_strict	7.497508475378174e-25
synthcre_116	ct_2	reference	ct_2		94252381.0	7.841245582492189e-197	0.7018078012555042	False	1.2904691042718692	0.9026793626697556	mwu_strict	2.4046486452976045e-195
synthcre_126	ct_2	reference	ct_2		1129719788.0	7.321101244224193e-29	0.9736239802247999	False	1.2904691042718692	1.2561679054605577	mwu_strict	3.7418961914923653e-28
synthcre_219	ct_2	reference	ct_2		429487903.5	6.972908618671862e-21	0.9399304488545259	False	1.2904691042718692	1.2123505088997013	mwu_strict	3.0259792118764686e-20
synthcre_258	ct_2	reference	ct_2		361801919.5	0.0	0.7429825138708417	False	1.2904691042718692	0.9562258043032752	mwu_strict	0.0
synthcre_26	ct_2	reference	ct_2		180371407.0	2.8796736976269435e-110	0.8091945071382558	False	1.2904691042718692	1.0423324558798042	mwu_strict	2.943666446463098e-109
synthcre_300	ct_2	reference	ct_2		4755792.0	6.742851879409844e-20	0.6370321493743597	False	1.2904691042718692	0.8184406286892572	mwu_strict	2.8719554301190075e-19
synthcre_69	ct_2	reference	ct_2		827110536.5	0.02827436281817435	1.0138845281841258	False	1.2904691042718692	1.3085255042027168	mwu_strict	0.03870894909631012
synthcre_7	ct_2	reference	ct_2		251239464.0	1.0776578325889066e-81	0.8538656659725145	False	1.2904691042718692	1.100425917795779	mwu_strict	9.533126980594174e-81
synthcre_168	ct_2	reference	ct_2		116947485.5	7.967426989778018e-153	0.7450996464980371	False	1.2904691042718692	0.9589790698745886	mwu_strict	1.2637987638958237e-151
synthcre_190	ct_2	reference	ct_2		311124121.5	6.109420626688491e-49	0.8924589293160258	False	1.2904691042718692	1.1506152644070435	mwu_strict	3.7977479571306835e-48
synthcre_325	ct_2	reference	ct_2		231820971.5	0.0	0.5843453195223692	False	1.2904691042718692	0.7499230342647147	mwu_strict	0.0
synthcre_366	ct_2	reference	ct_2		393512281.5	0.0	0.7210830494820865	False	1.2904691042718692	0.927746227465597	mwu_strict	0.0
synthcre_444	ct_2	reference	ct_2		42099904.0	3.109756886902231e-118	0.6637966689742802	False	1.2904691042718692	0.8532470595196326	mwu_strict	3.405924209464348e-117
synthcre_81	ct_2	reference	ct_2		13365258.0	1.0282149258046659e-88	0.5574925562472455	False	1.2904691042718692	0.71500184526109	mwu_strict	9.274095409218556e-88
synthcre_312	ct_2	reference	ct_2		1446697285.5	1.55337789005504e-31	1.0617720455774686	False	1.2904691042718692	1.3708017410530409	mwu_strict	8.119929879833164e-31
synthcre_4	ct_2	reference	ct_2		28381985.5	1.8668354092461119e-93	0.645435844920828	False	1.2904691042718692	0.8293693751091462	mwu_strict	1.717488576506423e-92
synthcre_363	ct_2	reference	ct_2		3235419.5	0.0	0.032823154347351266	False	1.2904691042718692	0.03268549813347721	mwu_strict	0.0
synthcre_372	ct_2	reference	ct_2		1737734127.5	0.0	1.1891009073939003	False	1.2904691042718692	1.5363889919274123	mwu_strict	0.0
synthcre_162	ct_2	reference	ct_2		892491264.5	2.3115713966157485e-06	1.0261294277416764	False	1.2904691042718692	1.3244496177622236	mwu_strict	4.945687639270904e-06
synthcre_110	ct_2	reference	ct_2		2090886.0	1.7696122209702712e-14	0.5812903179010602	False	1.2904691042718692	0.7459500990427019	mwu_strict	6.56469049714778e-14
synthcre_231	ct_2	reference	ct_2		406842372.5	5.609699375060549e-08	0.9544029121566209	False	1.2904691042718692	1.2311715002867842	mwu_strict	1.4178361057845345e-07
synthcre_452	ct_2	reference	ct_2		289265790.5	2.034870143067875e-59	0.8802048704820021	False	1.2904691042718692	1.134679239491466	mwu_strict	1.4182428269867008e-58
synthcre_106	ct_2	reference	ct_2		1035680287.5	3.5202554983167683e-211	1.1426996693142593	False	1.2904691042718692	1.476045615404876	mwu_strict	1.1566553780183667e-209
synthcre_130	ct_2	reference	ct_2		3500517983.0	3.4470205315971156e-96	1.0976690286916841	False	1.2904691042718692	1.4174846585296472	mwu_strict	3.235978458234027e-95
synthcre_265	ct_2	reference	ct_2		894316651.0	3.053641822162728e-17	1.043410727835937	False	1.2904691042718692	1.3469234146164601	mwu_strict	1.232171261574434e-16
synthcre_92	ct_2	reference	ct_2		897085397.5	0.00137467569185759	1.02044455533189	False	1.2904691042718692	1.317056616831569	mwu_strict	0.0022187748008929524
synthcre_341	ct_2	reference	ct_2		806016186.0	0.022285879999518754	1.0143104962860021	False	1.2904691042718692	1.3090794625586124	mwu_strict	0.031065166059935236
synthcre_109	ct_3	reference	ct_3		119809.0	2.4056553053298914e-08	0.6520411004187654	False	1.3011411391192138	0.8449179111556058	mwu_strict	6.323436802581429e-08
synthcre_161	ct_3	reference	ct_3		613998.0	2.617728683114404e-18	0.7172625573175385	False	1.3011411391192138	0.9304324464488778	mwu_strict	1.0751385662791302e-17
synthcre_193	ct_3	reference	ct_3		1808983.0	0.006652526685337724	0.9447050438575666	False	1.3011411391192138	1.2286416473350767	mwu_strict	0.010033318935263453
synthcre_22	ct_3	reference	ct_3		197884.5	3.045760379726e-08	0.714466379516874	False	1.3011411391192138	0.9267662627021347	mwu_strict	7.871066149853708e-08
synthcre_224	ct_3	reference	ct_3		6551448.0	0.0003940013690512542	1.0691118117454204	False	1.3011411391192138	1.391756478697697	mwu_strict	0.0006737569879686875
synthcre_23	ct_3	reference	ct_3		2304020.5	0.009664698026356357	1.0456691415456199	False	1.3011411391192138	1.3610198293879345	mwu_strict	0.014387576349915613
synthcre_258	ct_3	reference	ct_3		2433650.5	0.727684923512949	0.9877950361939336	False	1.3011411391192138	1.285138708971619	mwu_strict	0.7607615109453557
synthcre_285	ct_3	reference	ct_3		2190243.0	0.026703497465479793	0.9494292216474444	False	1.3011411391192138	1.2348357111838988	mwu_strict	0.03666748905707673
synthcre_292	ct_3	reference	ct_3		5635172.0	0.01663745610791607	1.0535716674364075	False	1.3011411391192138	1.3713811561863007	mwu_strict	0.023767794439880103
synthcre_324	ct_3	reference	ct_3		4960744.5	0.015561380577838738	1.0528518632219053	False	1.3011411391192138	1.3704373912685557	mwu_strict	0.022510173162911384
synthcre_325	ct_3	reference	ct_3		2025311.0	0.016065989461150596	0.947919761483538	False	1.3011411391192138	1.2328565958651394	mwu_strict	0.023094859850403982
synthcre_327	ct_3	reference	ct_3		182871.5	8.148318541259807e-07	0.7184608956598301	False	1.3011411391192138	0.9320036371480402	mwu_strict	1.8373659455781919e-06
synthcre_340	ct_3	reference	ct_3		22551.5	0.3069483199225298	0.8176022428175659	False	1.3011411391192138	1.0619919359942473	mwu_strict	0.35123439593125305
synthcre_346	ct_3	reference	ct_3		57557.0	5.27714267237184e-10	0.49689947702260234	False	1.3011411391192138	0.6415053463311564	mwu_strict	1.6076063770139382e-09
synthcre_386	ct_3	reference	ct_3		1977475.5	0.09350800328127416	0.957496024816124	False	1.3011411391192138	1.2454124286795318	mwu_strict	0.11849499038398378
synthcre_455	ct_3	reference	ct_3		1193380.5	1.7219824618950269e-06	0.8680808949030897	False	1.3011411391192138	1.1281765733908635	mwu_strict	3.7188353637169595e-06
synthcre_57	ct_3	reference	ct_3		558963.5	5.671402976694046e-23	0.6984914128141231	False	1.3011411391192138	0.9058208266620984	mwu_strict	2.6088453692792613e-22
synthcre_59	ct_3	reference	ct_3		3005767.0	0.8720033745595623	1.0085075753819883	False	1.3011411391192138	1.3122957711966965	mwu_strict	0.8835276482321557
synthcre_70	ct_3	reference	ct_3		1176353.5	1.0759620887925821e-06	0.866417120808099	False	1.3011411391192138	1.1259951307287204	mwu_strict	2.391026863983516e-06
synthcre_110	ct_3	reference	ct_3		10471.0	0.16742972927422428	0.6320334533440071	False	1.3011411391192138	0.8186850619789119	mwu_strict	0.20321286402676297
synthcre_111	ct_3	reference	ct_3		328735.5	7.089891243456094e-09	0.7439642847640165	False	1.3011411391192138	0.9654421797895039	mwu_strict	1.9646686578251827e-08
synthcre_116	ct_3	reference	ct_3		413125.5	2.0222774836783236e-16	0.688330558037696	False	1.3011411391192138	0.8924985119561089	mwu_strict	8.019376228379559e-16
synthcre_126	ct_3	reference	ct_3		5894693.5	0.00032951513322335396	1.0695414932284792	False	1.3011411391192138	1.3923198517668531	mwu_strict	0.0005656718317934341
synthcre_158	ct_3	reference	ct_3		140813.0	6.664519321271016e-06	0.699163493485688	False	1.3011411391192138	0.906702019279394	mwu_strict	1.3505193338258447e-05
synthcre_187	ct_3	reference	ct_3		240490.0	4.370810028695801e-15	0.6168048602266712	False	1.3011411391192138	0.7987182270518651	mwu_strict	1.6480103386885806e-14
synthcre_255	ct_3	reference	ct_3		5906084.5	0.006591817974920554	1.053422627405238	False	1.3011411391192138	1.371185743670059	mwu_strict	0.00997446140941926
synthcre_276	ct_3	reference	ct_3		176704.5	3.058368851435066e-11	0.6226699056200544	False	1.3011411391192138	0.8064081293499314	mwu_strict	9.977657245816526e-11
synthcre_288	ct_3	reference	ct_3		2304346.0	0.02665038496032953	0.9607805047792619	False	1.3011411391192138	1.2497188454798147	mwu_strict	0.03666748905707673
synthcre_29	ct_3	reference	ct_3		434893.0	4.00473955038427e-25	0.6305328932508618	False	1.3011411391192138	0.8167176159090686	mwu_strict	1.959766162954004e-24
synthcre_293	ct_3	reference	ct_3		486640.0	3.546494350867802e-11	0.7542362007193063	False	1.3011411391192138	0.9789101113760592	mwu_strict	1.1488643671825275e-10
synthcre_294	ct_3	reference	ct_3		434250.0	9.288912079578272e-13	0.723654664623521	False	1.3011411391192138	0.938813401303416	mwu_strict	3.1887310123925413e-12
synthcre_295	ct_3	reference	ct_3		1323851.0	4.968352234793102e-05	0.8936075596483136	False	1.3011411391192138	1.1616456336828307	mwu_strict	9.215492048406561e-05
synthcre_30	ct_3	reference	ct_3		84157.5	2.664286887080991e-07	0.6221861393314398	False	1.3011411391192138	0.8057738434672099	mwu_strict	6.416607162603434e-07
synthcre_303	ct_3	reference	ct_3		33947.0	0.00027153456717086326	0.5880649265955301	False	1.3011411391192138	0.7610361177325202	mwu_strict	0.00047674007976563775
synthcre_315	ct_3	reference	ct_3		2609678.5	0.03495892434643041	0.9618846573446981	False	1.3011411391192138	1.251166545332222	mwu_strict	0.046747398835342985
synthcre_329	ct_3	reference	ct_3		1742021.0	5.78639231411402e-184	0.5611628880406475	False	1.3011411391192138	0.7257637482570425	mwu_strict	1.565729684995558e-182
synthcre_352	ct_3	reference	ct_3		8104631.0	3.567256078915966e-06	1.0890571919557424	False	1.3011411391192138	1.4179076872268244	mwu_strict	7.492866649777828e-06
synthcre_358	ct_3	reference	ct_3		4112875.5	0.16687017202633025	1.0331091763280715	False	1.3011411391192138	1.3445519422853005	mwu_strict	0.2030695215135236
synthcre_361	ct_3	reference	ct_3		484205.5	1.6499947917617663e-17	0.7045484443920826	False	1.3011411391192138	0.9137624499449053	mwu_strict	6.71679295761427e-17
synthcre_37	ct_3	reference	ct_3		3191813.0	3.4213446290991557e-10	0.9136802604797876	False	1.3011411391192138	1.1879637775162086	mwu_strict	1.070624849922185e-09
synthcre_387	ct_3	reference	ct_3		5278308.5	0.11569581369185102	1.0413560583544077	False	1.3011411391192138	1.3553647685794927	mwu_strict	0.14501382642575333
synthcre_400	ct_3	reference	ct_3		19776.5	0.01927578767958372	0.6220693599825591	False	1.3011411391192138	0.8056207292586928	mwu_strict	0.027282653331103114
synthcre_427	ct_3	reference	ct_3		724657.0	1.1527595324946014e-08	0.8102189854307509	False	1.3011411391192138	1.0523114434936884	mwu_strict	3.1009905552486356e-08
synthcre_448	ct_3	reference	ct_3		534336.5	8.25021788043931e-14	0.7501974186380281	False	1.3011411391192138	0.9736146980373579	mwu_strict	2.988267893702427e-13
synthcre_450	ct_3	reference	ct_3		10192592.0	2.4588807027907784e-05	1.082570830370835	False	1.3011411391192138	1.40940315170965	mwu_strict	4.792733573236262e-05
synthcre_49	ct_3	reference	ct_3		287359.5	2.907569578287502e-54	0.47375242619524655	False	1.3011411391192138	0.6111562957421268	mwu_strict	1.9668853029591924e-53
synthcre_55	ct_3	reference	ct_3		1136870.0	2.961527454886028e-05	0.8725570996074542	False	1.3011411391192138	1.1340455095258748	mwu_strict	5.67626095519822e-05
synthcre_69	ct_3	reference	ct_3		3339510.0	0.465841263220205	1.0203743515355996	False	1.3011411391192138	1.3278547896004151	mwu_strict	0.5114247758503444
synthcre_71	ct_3	reference	ct_3		68622.5	2.8520334573858713e-142	0.10570622199197878	False	1.3011411391192138	0.12859577631455155	mwu_strict	3.975561789083336e-141
synthcre_82	ct_3	reference	ct_3		383641.0	1.1657648052824453e-15	0.695113850259536	False	1.3011411391192138	0.9013923654468305	mwu_strict	4.506317734705251e-15
synthcre_93	ct_3	reference	ct_3		429631.5	1.8296805203001264e-19	0.667494173298069	False	1.3011411391192138	0.8651790707334681	mwu_strict	7.721587516862919e-19
synthcre_97	ct_3	reference	ct_3		9800667.0	4.319069421707616e-07	1.0922941397595736	False	1.3011411391192138	1.4221517826576089	mwu_strict	1.0136591499926039e-06
synthcre_114	ct_3	reference	ct_3		86664.0	4.653284971611481e-06	0.6528965600956185	False	1.3011411391192138	0.8460395395307854	mwu_strict	9.513382608627918e-06
synthcre_164	ct_3	reference	ct_3		1029662.5	3.390716917401929e-05	0.8725609356291529	False	1.3011411391192138	1.1340505390917346	mwu_strict	6.418641078209413e-05
synthcre_196	ct_3	reference	ct_3		2047527.5	0.1933598018133964	0.9629437305878308	False	1.3011411391192138	1.2525551398306338	mwu_strict	0.23042877936311487
synthcre_209	ct_3	reference	ct_3		1272117.0	7.975120689944255e-05	0.8894150980666106	False	1.3011411391192138	1.156148724828883	mwu_strict	0.00014443131958166762
synthcre_222	ct_3	reference	ct_3		1535481.5	0.0005670706754539067	0.912980575616385	False	1.3011411391192138	1.1870463919073826	mwu_strict	0.0009451177924231778
synthcre_229	ct_3	reference	ct_3		1247276.0	2.866386463927141e-06	0.8688546688201588	False	1.3011411391192138	1.1291911002059103	mwu_strict	6.104341543548541e-06
synthcre_26	ct_3	reference	ct_3		826657.5	0.00019374222091090963	0.8728432793484032	False	1.3011411391192138	1.1344207315574155	mwu_strict	0.0003427746985346863
synthcre_272	ct_3	reference	ct_3		281689.5	0.036602096031164655	0.8589486804680787	False	1.3011411391192138	1.1162029513538623	mwu_strict	0.04852151058886381
synthcre_298	ct_3	reference	ct_3		4069732.5	0.8375697394375266	1.0051548887909352	False	1.3011411391192138	1.3078999258805935	mwu_strict	0.8580892653480228
synthcre_300	ct_3	reference	ct_3		19860.5	0.00028591515237581095	0.5163887909817346	False	1.3011411391192138	0.6670585876361852	mwu_strict	0.0005000797341934335
synthcre_311	ct_3	reference	ct_3		2494709.0	0.06161642242072747	0.9674692528609905	False	1.3011411391192138	1.2584887382589738	mwu_strict	0.08029335499584883
synthcre_343	ct_3	reference	ct_3		11627972.5	3.5148509339142047e-05	1.08136936397453	False	1.3011411391192138	1.407827859690185	mwu_strict	6.626358318034975e-05
synthcre_48	ct_3	reference	ct_3		1057932.5	7.384533444229017e-07	0.8529282233500156	False	1.3011411391192138	1.1083092823500666	mwu_strict	1.6816264278937364e-06
synthcre_80	ct_3	reference	ct_3		2245068.5	0.25583092109209216	0.9722041278132555	False	1.3011411391192138	1.2646968275974735	mwu_strict	0.29868584696031064
synthcre_0	ct_3	reference	ct_3		2516200.0	0.12432554518709037	0.9754430854255521	False	1.3011411391192138	1.268943558170819	mwu_strict	0.15373588920984294
synthcre_132	ct_3	reference	ct_3		3358802.0	0.17343860215381257	1.0265437680576923	False	1.3011411391192138	1.3359437654068929	mwu_strict	0.20885276699150204
synthcre_137	ct_3	reference	ct_3		881389.5	3.811609256200559e-27	0.7180618542283199	False	1.3011411391192138	0.9314804375109742	mwu_strict	1.9267475361013813e-26
synthcre_173	ct_3	reference	ct_3		1832501.0	0.029353348929176966	0.9394633282180369	False	1.3011411391192138	1.2217690183205248	mwu_strict	0.04006688577869853
synthcre_175	ct_3	reference	ct_3		4349529.5	0.16818008126870876	1.0337117107518856	False	1.3011411391192138	1.3453419499560986	mwu_strict	0.2035864141673843
synthcre_18	ct_3	reference	ct_3		6511780.5	8.362651814699453e-14	1.1296422569239108	False	1.3011411391192138	1.4711204355404162	mwu_strict	3.0053279959076156e-13
synthcre_198	ct_3	reference	ct_3		403898.5	7.073051801396881e-06	0.7827405689412438	False	1.3011411391192138	1.016283361196444	mwu_strict	1.4270192230888443e-05
synthcre_256	ct_3	reference	ct_3		487577.5	1.2559984691776785e-11	0.7535348589805682	False	1.3011411391192138	0.9779905533698183	mwu_strict	4.156541696559224e-11
synthcre_259	ct_3	reference	ct_3		133835.5	8.294278665485617e-16	0.5663561739563135	False	1.3011411391192138	0.7325728790682806	mwu_strict	3.2609984496781063e-15
synthcre_261	ct_3	reference	ct_3		6080653.0	1.118806287700855e-53	0.8472579451411733	False	1.3011411391192138	1.1008747473202023	mwu_strict	7.458708584672366e-53
synthcre_273	ct_3	reference	ct_3		1654491.5	3.1077505729658456e-05	0.9014835710652943	False	1.3011411391192138	1.1719721962638068	mwu_strict	5.931806072880867e-05
synthcre_316	ct_3	reference	ct_3		2327007.0	0.12164312894542277	0.9698912350078058	False	1.3011411391192138	1.2616642986898756	mwu_strict	0.15123199814836344
synthcre_323	ct_3	reference	ct_3		1830603.5	0.0006457611146671513	0.919926759135859	False	1.3011411391192138	1.1961538188796368	mwu_strict	0.0010685255854204663
synthcre_332	ct_3	reference	ct_3		935272.5	7.437978703851968e-07	0.8516533889525427	False	1.3011411391192138	1.1066377945259758	mwu_strict	1.6854533023506922e-06
synthcre_335	ct_3	reference	ct_3		179925.5	0.0	0.061694571063007964	False	1.3011411391192138	0.07089029018102355	mwu_strict	0.0
synthcre_348	ct_3	reference	ct_3		3778952.0	0.1982558556454067	1.0280282315509852	False	1.3011411391192138	1.3378901065624698	mwu_strict	0.23565295503071598
synthcre_35	ct_3	reference	ct_3		3282306.0	0.5805517548269399	1.0118561453106292	False	1.3011411391192138	1.3166862189873552	mwu_strict	0.624784738310368
synthcre_380	ct_3	reference	ct_3		1710417.0	2.9663851982214834e-06	0.8955678479531162	False	1.3011411391192138	1.1642158483237917	mwu_strict	6.288189821114665e-06
synthcre_402	ct_3	reference	ct_3		1885389.0	0.0015471720689593633	0.9267575231264746	False	1.3011411391192138	1.2051099145593471	mwu_strict	0.0024797879850916625
synthcre_405	ct_3	reference	ct_3		1128994.0	4.282880739333311e-06	0.8593746092229436	False	1.3011411391192138	1.1167614040666995	mwu_strict	8.914593394087434e-06
synthcre_419	ct_3	reference	ct_3		4118255.5	0.021505840784662108	1.0500279735946805	False	1.3011411391192138	1.366734873405969	mwu_strict	0.03006895672019626
synthcre_431	ct_3	reference	ct_3		3493727.0	0.6863736028154928	1.012752789126346	False	1.3011411391192138	1.317861845581278	mwu_strict	0.7241556359979969
synthcre_441	ct_3	reference	ct_3		3445398.5	0.4856095154564539	1.0028494292784875	False	1.3011411391192138	1.3048771430692496	mwu_strict	0.531858040738021
synthcre_66	ct_3	reference	ct_3		2250296.5	0.2622385931641783	0.9687505525689569	False	1.3011411391192138	1.26016870301763	mwu_strict	0.304620588018995
synthcre_7	ct_3	reference	ct_3		1004608.0	2.515497580636577e-07	0.8520157073047766	False	1.3011411391192138	1.1071128450230474	mwu_strict	6.09015203733066e-07
synthcre_81	ct_3	reference	ct_3		51648.0	1.5195656830560952e-09	0.48656727881979617	False	1.3011411391192138	0.6279583762099237	mwu_strict	4.538962429907817e-09
synthcre_118	ct_3	reference	ct_3		6257933.0	0.00798904494619151	1.0572074526796322	False	1.3011411391192138	1.3761481837916953	mwu_strict	0.01197055594543353
synthcre_124	ct_3	reference	ct_3		2739569.5	0.3210718735978014	1.0095588709867944	False	1.3011411391192138	1.313674168113533	mwu_strict	0.3646742268024411
synthcre_200	ct_3	reference	ct_3		180299.5	1.2764256842148436e-08	0.6809557081994578	False	1.3011411391192138	0.8828290429383681	mwu_strict	3.4136965973187674e-08
synthcre_214	ct_3	reference	ct_3		6965387.0	0.002779243360689914	1.0643327482639346	False	1.3011411391192138	1.3854904519606586	mwu_strict	0.0043782600887580835
synthcre_333	ct_3	reference	ct_3		611378.0	1.4088239079876489e-11	0.7704591282266646	False	1.3011411391192138	1.0001806590279054	mwu_strict	4.628992840530846e-11
synthcre_366	ct_3	reference	ct_3		2989509.5	0.7532291493492749	0.9964805328682728	False	1.3011411391192138	1.2965266209750284	mwu_strict	0.783903639594268
synthcre_168	ct_3	reference	ct_3		506627.0	4.02643963736143e-10	0.7670252988858766	False	1.3011411391192138	0.9956784241144836	mwu_strict	1.243061901467287e-09
synthcre_190	ct_3	reference	ct_3		1375352.0	9.897166855507789e-06	0.8888116760985548	False	1.3011411391192138	1.1553575534623168	mwu_strict	1.9708643954690835e-05
synthcre_219	ct_3	reference	ct_3		1773810.0	0.0027610899107474588	0.9291805601882513	False	1.3011411391192138	1.2082868581326531	mwu_strict	0.004364609480906636
synthcre_372	ct_3	reference	ct_3		5886565.5	0.007108192829304918	1.0582822549440507	False	1.3011411391192138	1.3775574012569929	mwu_strict	0.010685518632288438
synthcre_4	ct_3	reference	ct_3		113841.0	1.8945069647970552e-10	0.5976294283020865	False	1.3011411391192138	0.7735765293951622	mwu_strict	5.968994546620859e-10
synthcre_47	ct_3	reference	ct_3		3000887.5	0.32274459863138294	1.019389432287929	False	1.3011411391192138	1.326563421456084	mwu_strict	0.365671220124227
synthcre_92	ct_3	reference	ct_3		4507054.5	7.281459883986616e-09	1.1076417910462555	False	1.3011411391192138	1.4422747196484336	mwu_strict	2.0056715848106843e-08
synthcre_341	ct_3	reference	ct_3		3422311.0	0.7797609199341862	1.0022305484271938	False	1.3011411391192138	1.3040657029249054	mwu_strict	0.8060449958870239
synthcre_231	ct_3	reference	ct_3		1767829.0	0.10239945662700348	0.9510686576248322	False	1.3011411391192138	1.236985243138804	mwu_strict	0.12869877062410273
synthcre_363	ct_3	reference	ct_3		100897.0	3.876059861222542e-09	0.6047542720574921	False	1.3011411391192138	0.7829182051526711	mwu_strict	1.1006095902236845e-08
synthcre_312	ct_3	reference	ct_3		6183889.5	0.0046039647773722615	1.0618293709191682	False	1.3011411391192138	1.3822081709371963	mwu_strict	0.007083022734418864
synthcre_444	ct_3	reference	ct_3		166711.0	7.894817609182758e-12	0.6272500968142989	False	1.3011411391192138	0.812413406449737	mwu_strict	2.6316058697275864e-11
synthcre_162	ct_3	reference	ct_3		3819548.5	0.3254917610930971	1.0237020953637435	False	1.3011411391192138	1.3322179314339446	mwu_strict	0.36787766610030626
synthcre_106	ct_3	reference	ct_3		3727455.0	0.041556154345106774	1.047334363654081	False	1.3011411391192138	1.3632031706001086	mwu_strict	0.0547731547242095
synthcre_452	ct_3	reference	ct_3		1154031.5	4.170482861435359e-06	0.8622100668373621	False	1.3011411391192138	1.1204790891931924	mwu_strict	8.720100528455751e-06
synthcre_130	ct_3	reference	ct_3		12424743.0	0.11765926407460424	1.0131715080781227	False	1.3011411391192138	1.3184108452246814	mwu_strict	0.1470740800932553
synthcre_265	ct_3	reference	ct_3		3791535.0	0.3116931744184367	1.0246447744858747	False	1.3011411391192138	1.3334539168119597	mwu_strict	0.3557411573050872
synthcre_109	reference	reference	reference		60981.0	3.007384880456607e-09	0.6083767076559434	False	1.3177266769329612	0.7977579843794413	mwu_strict	8.646231531312745e-09
synthcre_164	reference	reference	reference		361418.5	2.788068438466577e-08	0.7898687704984956	False	1.3177266769329612	1.0387298378670913	mwu_strict	7.245827580195624e-08
synthcre_187	reference	reference	reference		111653.0	6.452077624285312e-07	0.7284230711683558	False	1.3177266769329612	0.9571467436836629	mwu_strict	1.4765948791896735e-06
synthcre_193	reference	reference	reference		804759.0	0.07120451568972765	0.942091826293653	False	1.3177266769329612	1.2408404498905763	mwu_strict	0.09174811545455103
synthcre_198	reference	reference	reference		147611.0	3.1563325509543206e-15	0.6203700604517352	False	1.3177266769329612	0.8136818788322826	mwu_strict	1.1999280772223038e-14
synthcre_209	reference	reference	reference		482489.5	9.47666911197732e-08	0.8239213659465742	False	1.3177266769329612	1.0839423772623111	mwu_strict	2.35636096838355e-07
synthcre_255	reference	reference	reference		2414066.0	0.8893646157354147	1.020459904234141	False	1.3177266769329612	1.3448918375921237	mwu_strict	0.8991378532709687
synthcre_258	reference	reference	reference		1012317.5	0.41377875953712484	0.9738411153885782	False	1.3177266769329612	1.2829948279955654	mwu_strict	0.4564465932543823
synthcre_273	reference	reference	reference		698467.5	0.0016287076375935807	0.9037764254311412	False	1.3177266769329612	1.1899680700280393	mwu_strict	0.002583467287217404
synthcre_292	reference	reference	reference		2323469.5	0.1355504267435161	1.0445009391032885	False	1.3177266769329612	1.3768117609289665	mwu_strict	0.1667197762086027
synthcre_293	reference	reference	reference		222022.0	3.082870024263744e-13	0.6945820915363384	False	1.3177266769329612	0.9122151722526886	mwu_strict	1.074333493304032e-12
synthcre_294	reference	reference	reference		172193.5	2.743290505065497e-08	0.7291184449892353	False	1.3177266769329612	0.9580700100560855	mwu_strict	7.169963820057549e-08
synthcre_295	reference	reference	reference		502164.0	1.3634765330195943e-08	0.8071665251681213	False	1.3177266769329612	1.061696528192995	mwu_strict	3.625428931728401e-08
synthcre_315	reference	reference	reference		767188.5	9.277645278511944e-24	0.7726041645518478	False	1.3177266769329612	1.0158071599849916	mwu_strict	4.445538362620307e-23
synthcre_329	reference	reference	reference		3961992.0	0.017468844009667438	1.0647581542729243	False	1.3177266769329612	1.403707805910063	mwu_strict	0.02480144519891056
synthcre_332	reference	reference	reference		417940.5	0.0010087574530509842	0.861223732565572	False	1.3177266769329612	1.1334697245350882	mwu_strict	0.0016396764254538966
synthcre_340	reference	reference	reference		8585.0	0.0013602806288340178	0.4464862039206786	False	1.3177266769329612	0.5828116438280151	mwu_strict	0.002203271441069184
synthcre_343	reference	reference	reference		4694690.0	0.020417831171078805	1.0633749144034113	False	1.3177266769329612	1.4018712414347134	mwu_strict	0.02881043662176764
synthcre_346	reference	reference	reference		25860.0	3.224112964630288e-05	0.582180952985789	False	1.3177266769329612	0.7629771820814861	mwu_strict	6.128479188966664e-05
synthcre_402	reference	reference	reference		781801.5	0.021473747705114038	0.9365734061956953	False	1.3177266769329612	1.233513496311995	mwu_strict	0.03006895672019626
synthcre_431	reference	reference	reference		1475037.0	0.7031233420284055	0.9928031588873268	False	1.3177266769329612	1.3081712389980171	mwu_strict	0.7384400395732112
synthcre_441	reference	reference	reference		1596950.0	0.3780444353295027	1.0250580878854363	False	1.3177266769329612	1.3509969686913856	mwu_strict	0.4190372054254729
synthcre_448	reference	reference	reference		246297.5	4.325632623659058e-06	0.7879521660175101	False	1.3177266769329612	1.0361851109685576	mwu_strict	8.947242219930137e-06
synthcre_450	reference	reference	reference		4063637.5	0.1222656930170985	1.0476875115075786	False	1.3177266769329612	1.3810426581181208	mwu_strict	0.15159627705624074
synthcre_455	reference	reference	reference		456443.5	0.0004967753407268428	0.8502297010502794	False	1.3177266769329612	1.1188726556051924	mwu_strict	0.0008340023968406849
synthcre_48	reference	reference	reference		437763.0	7.440455624385184e-09	0.803627957727367	False	1.3177266769329612	1.0569982778037792	mwu_strict	2.025212773501293e-08
synthcre_59	reference	reference	reference		1236509.5	0.5430258578088653	0.9856716950644427	False	1.3177266769329612	1.2987026042347916	mwu_strict	0.5891318268681085
synthcre_0	reference	reference	reference		1049429.5	0.024864272208916318	0.9418408742881681	False	1.3177266769329612	1.2405072542182642	mwu_strict	0.03455457769214957
synthcre_111	reference	reference	reference		128377.5	9.196995704950355e-09	0.6863620675466506	False	1.3177266769329612	0.901301227116551	mwu_strict	2.488598837810096e-08
synthcre_114	reference	reference	reference		35843.0	3.616502845932658e-08	0.537121755442563	False	1.3177266769329612	0.7031508834621529	mwu_strict	9.293806196251524e-08
synthcre_116	reference	reference	reference		162490.0	2.9715904645059575e-14	0.6482228607454907	False	1.3177266769329612	0.850662784809588	mwu_strict	1.0935452909381923e-13
synthcre_118	reference	reference	reference		2620105.5	0.4624021315952619	1.0328213886063846	False	1.3177266769329612	1.3613045101596417	mwu_strict	0.5088635897938288
synthcre_124	reference	reference	reference		1076739.5	0.03470839349911452	0.9432663470069845	False	1.3177266769329612	1.242399892374277	mwu_strict	0.04668380412161602
synthcre_126	reference	reference	reference		2328077.0	0.5118090587694517	1.0233838880524402	False	1.3177266769329612	1.3487740889106	mwu_strict	0.5578961304121985
synthcre_132	reference	reference	reference		1343928.5	0.3742908163956613	0.9852758212653705	False	1.3177266769329612	1.2981769920310646	mwu_strict	0.41688565506538544
synthcre_137	reference	reference	reference		447851.5	0.00030866239180676256	0.87169060324151	False	1.3177266769329612	1.1473668679555384	mwu_strict	0.0005357913216268331
synthcre_175	reference	reference	reference		1803400.0	0.6530801528841006	1.0211768789950737	False	1.3177266769329612	1.3458437841089017	mwu_strict	0.6922047703379868
synthcre_18	reference	reference	reference		1074117.5	6.438446176016796e-40	0.7601413977633011	False	1.3177266769329612	0.9992600120514441	mwu_strict	3.611811269472837e-39
synthcre_190	reference	reference	reference		535331.0	4.036948903778103e-05	0.8786103344941549	False	1.3177266769329612	1.1565543797368818	mwu_strict	7.579577533624192e-05
synthcre_196	reference	reference	reference		770750.0	0.0015976692704915653	0.9056680699031063	False	1.3177266769329612	1.1924796568567402	mwu_strict	0.0025430029910938406
synthcre_219	reference	reference	reference		736811.0	0.035688776362625185	0.9310314477327686	False	1.3177266769329612	1.2261552902183128	mwu_strict	0.04744750614684273
synthcre_222	reference	reference	reference		683424.0	0.005621566666528594	0.9117674920971154	False	1.3177266769329612	1.200578022417603	mwu_strict	0.008619735555343844
synthcre_224	reference	reference	reference		2568234.5	0.4009006741797627	1.0037377343489278	False	1.3177266769329612	1.3226893665393211	mwu_strict	0.44330363010262225
synthcre_229	reference	reference	reference		526507.5	7.780520733302894e-05	0.8630594063887522	False	1.3177266769329612	1.135906997640272	mwu_strict	0.00014146401333277987
synthcre_23	reference	reference	reference		824609.5	0.0032720167256955414	0.9230786739933432	False	1.3177266769329612	1.2155961803688657	mwu_strict	0.005102127775660844
synthcre_256	reference	reference	reference		212395.5	1.160375929660267e-09	0.7430909592712277	False	1.3177266769329612	0.9766216900121136	mwu_strict	3.488711945383809e-09
synthcre_259	reference	reference	reference		52662.0	4.1170086003071485e-07	0.6089990423912855	False	1.3177266769329612	0.7985842748095371	mwu_strict	9.75422017217526e-07
synthcre_272	reference	reference	reference		85982.5	4.13494115994386e-07	0.645385916689788	False	1.3177266769329612	0.8468960985058651	mwu_strict	9.75422017217526e-07
synthcre_276	reference	reference	reference		79379.0	2.116502466845236e-09	0.6487455653355989	False	1.3177266769329612	0.85135679363803	mwu_strict	6.16196920727094e-09
synthcre_285	reference	reference	reference		913573.0	0.3346536198833697	0.9660871657421085	False	1.3177266769329612	1.2726997021983526	mwu_strict	0.3763830443676041
synthcre_29	reference	reference	reference		171181.0	2.2176963599745787e-25	0.5794580184840152	False	1.3177266769329612	0.7593618693039399	mwu_strict	1.0969250812777487e-24
synthcre_298	reference	reference	reference		1744324.5	0.8190231970453266	1.0088328483580513	False	1.3177266769329612	1.3294542853312494	mwu_strict	0.8428426636260631
synthcre_30	reference	reference	reference		15912.5	5.154707579517218e-24	0.2296716451584999	False	1.3177266769329612	0.29494117021202126	mwu_strict	2.4959636700820214e-23
synthcre_300	reference	reference	reference		8183.0	0.36661307598601045	0.7755565802783183	False	1.3177266769329612	1.019727161106423	mwu_strict	0.4103212042665811
synthcre_303	reference	reference	reference		19430.0	0.12107135842656519	0.7819075469996035	False	1.3177266769329612	1.0281595090465867	mwu_strict	0.1509290647052032
synthcre_311	reference	reference	reference		1050195.5	0.28957931887407895	0.968290870884051	False	1.3177266769329612	1.275625620303404	mwu_strict	0.3338508438147276
synthcre_323	reference	reference	reference		770491.5	0.0015210128859624824	0.9073494646734069	False	1.3177266769329612	1.194712089547724	mwu_strict	0.002446384362037559
synthcre_324	reference	reference	reference		2061330.0	0.9987213050965191	1.015873790717025	False	1.3177266769329612	1.338802732332006	mwu_strict	0.9987213050965191
synthcre_325	reference	reference	reference		835892.0	0.012343180820445459	0.9183147549593922	False	1.3177266769329612	1.2092709979807403	mwu_strict	0.018024962467952096
synthcre_327	reference	reference	reference		83394.5	4.672395904597823e-07	0.6579171723304553	False	1.3177266769329612	0.8635341809154458	mwu_strict	1.091016302596446e-06
synthcre_333	reference	reference	reference		213112.0	3.613856608890026e-11	0.6919711193215334	False	1.3177266769329612	0.9087485147903611	mwu_strict	1.1624993287338545e-10
synthcre_335	reference	reference	reference		1863825.0	0.581321452167038	1.015531038707038	False	1.3177266769329612	1.3383476513447738	mwu_strict	0.624784738310368
synthcre_348	reference	reference	reference		1528268.5	0.17822666526016862	0.9806994082151475	False	1.3177266769329612	1.2921007663396193	mwu_strict	0.21405813582161246
synthcre_35	reference	reference	reference		1395055.5	0.2132498348016304	0.9802188655074975	False	1.3177266769329612	1.2914627369672669	mwu_strict	0.2521720411535989
synthcre_352	reference	reference	reference		3245637.5	0.042469904560827144	1.0554651971533515	False	1.3177266769329612	1.391369298834812	mwu_strict	0.055817588851372814
synthcre_358	reference	reference	reference		1683244.5	0.8705377037871466	1.0086196536296077	False	1.3177266769329612	1.3291712210029134	mwu_strict	0.8835276482321557
synthcre_361	reference	reference	reference		222986.0	1.6090673680722724e-06	0.7720114050335146	False	1.3177266769329612	1.0150201373594947	mwu_strict	3.5079193806314943e-06
synthcre_37	reference	reference	reference		1724607.0	0.7179450554354625	1.0119955588628486	False	1.3177266769329612	1.333653500439885	mwu_strict	0.7522886685656327
synthcre_380	reference	reference	reference		502611.5	1.827793855445943e-23	0.7238334699983818	False	1.3177266769329612	0.9510530077738057	mwu_strict	8.579440545970753e-23
synthcre_386	reference	reference	reference		822073.5	0.03243234594352826	0.9411256232551035	False	1.3177266769329612	1.2395575963409606	mwu_strict	0.04387905627653823
synthcre_387	reference	reference	reference		2178182.0	0.2584707318134787	1.0360758542647586	False	1.3177266769329612	1.365625551033427	mwu_strict	0.30100389021316504
synthcre_400	reference	reference	reference		4495.0	0.03484692903495397	0.5050373316653699	False	1.3177266769329612	0.6605515380991513	mwu_strict	0.046733490834049055
synthcre_405	reference	reference	reference		437825.5	2.011475801987265e-09	0.7912481898882726	False	1.3177266769329612	1.0405613297895768	mwu_strict	5.893495980344854e-09
synthcre_419	reference	reference	reference		1622452.5	0.5771697662145652	0.9938454316182225	False	1.3177266769329612	1.309555092307467	mwu_strict	0.6232349588232394
synthcre_427	reference	reference	reference		291925.5	5.670891089691644e-07	0.8068530319888572	False	1.3177266769329612	1.0612802949358495	mwu_strict	1.3043049506290781e-06
synthcre_49	reference	reference	reference		186939.0	5.6841870767869156e-09	0.7138236833854843	False	1.3177266769329612	0.9377627470574552	mwu_strict	1.594345155684135e-08
synthcre_55	reference	reference	reference		490761.0	0.0005566360928025967	0.8723295041523181	False	1.3177266769329612	1.148215153738735	mwu_strict	0.0009311003734152526
synthcre_66	reference	reference	reference		860075.5	0.025937303490232825	0.9319748063838056	False	1.3177266769329612	1.2274078126652102	mwu_strict	0.03593722772743102
synthcre_70	reference	reference	reference		443722.0	7.761288165218599e-05	0.8638324772305869	False	1.3177266769329612	1.136933424420135	mwu_strict	0.00014146401333277987
synthcre_71	reference	reference	reference		137111.0	8.536374661073143e-14	0.6060435931782527	False	1.3177266769329612	0.7946602460470729	mwu_strict	3.0439785613129036e-13
synthcre_80	reference	reference	reference		593165.0	2.1449399204909802e-30	0.719984825776696	False	1.3177266769329612	0.9459430601706496	mwu_strict	1.1086206330627538e-29
synthcre_82	reference	reference	reference		179573.5	4.7214348197474494e-07	0.7402351172381804	False	1.3177266769329612	0.9728299123597302	mwu_strict	1.0968989985271853e-06
synthcre_93	reference	reference	reference		197304.5	7.225250944713077e-15	0.6653075494775212	False	1.3177266769329612	0.873346581806201	mwu_strict	2.7021263695674923e-14
synthcre_97	reference	reference	reference		3977144.5	0.021403343018271685	1.063717561811444	False	1.3177266769329612	1.4023261835391403	mwu_strict	0.03006895672019626
synthcre_214	reference	reference	reference		2187626.5	1.294807166630209e-06	0.935081773873346	False	1.3177266769329612	1.2315330162854363	mwu_strict	2.863515849278347e-06
synthcre_161	reference	reference	reference		267477.5	1.5560136473276138e-06	0.7826815412711728	False	1.3177266769329612	1.0291871618887427	mwu_strict	3.4084108465271544e-06
synthcre_200	reference	reference	reference		62924.0	1.4616905181697278e-08	0.6565078308875752	False	1.3177266769329612	0.8616629606848267	mwu_strict	3.864239300908476e-08
synthcre_22	reference	reference	reference		67241.5	1.3440477204411918e-06	0.6533386218474485	False	1.3177266769329612	0.8574551172974734	mwu_strict	2.9581911550380298e-06
synthcre_26	reference	reference	reference		171452.0	2.7001312310194996e-59	0.44172779723058575	False	1.3177266769329612	0.5764937803258825	mwu_strict	1.8538214421924923e-58
synthcre_261	reference	reference	reference		5289240.0	0.011645430943488492	1.0658778968270406	False	1.3177266769329612	1.4051945179704601	mwu_strict	0.017060185458613715
synthcre_288	reference	reference	reference		929924.0	2.2444682656458273e-06	0.8829432068251872	False	1.3177266769329612	1.162307249918538	mwu_strict	4.824557954191966e-06
synthcre_316	reference	reference	reference		889457.5	0.008793773892857978	0.9290496961782815	False	1.3177266769329612	1.223524065812367	mwu_strict	0.013133558411411266
synthcre_57	reference	reference	reference		247789.0	1.0842547048245784e-09	0.7341273361009827	False	1.3177266769329612	0.9647204484070049	mwu_strict	3.2812971330217504e-09
synthcre_69	reference	reference	reference		1441758.0	0.9550580598066863	1.0049049232100573	False	1.3177266769329612	1.324239074327262	mwu_strict	0.9592286190198159
synthcre_7	reference	reference	reference		419910.5	1.5614908781051765e-07	0.8147593239418625	False	1.3177266769329612	1.071777689677475	mwu_strict	3.8411005557667443e-07
synthcre_81	reference	reference	reference		21505.5	4.783583935479027e-05	0.5481239935451201	False	1.3177266769329612	0.7177588484968862	mwu_strict	8.908698827207903e-05
synthcre_366	reference	reference	reference		1201022.0	0.21589753569905556	0.9733157754715986	False	1.3177266769329612	1.2822973201733339	mwu_strict	0.2546483754399117
synthcre_168	reference	reference	reference		231209.0	1.5560801829327754e-05	0.781147132954349	False	1.3177266769329612	1.0271498870331879	mwu_strict	3.058961043372123e-05
synthcre_173	reference	reference	reference		798466.0	0.017278805667882875	0.9190003331214763	False	1.3177266769329612	1.2101812583956622	mwu_strict	0.024607587019275918
synthcre_4	reference	reference	reference		43556.5	2.1500214150695824e-07	0.5925799509310072	False	1.3177266769329612	0.7767842090667234	mwu_strict	5.26069069644685e-07
synthcre_158	reference	reference	reference		68861.5	0.09725091349711139	0.8021507025121083	False	1.3177266769329612	1.055036886645842	mwu_strict	0.12289950606777814
synthcre_363	reference	reference	reference		35628.5	0.00030472540245004475	0.6519132839646775	False	1.3177266769329612	0.8555626581668752	mwu_strict	0.0005309609285114416
synthcre_372	reference	reference	reference		1768779.0	2.434071057043976e-09	0.9117213833447564	False	1.3177266769329612	1.2005168025970558	mwu_strict	7.041966580127226e-09
synthcre_444	reference	reference	reference		50885.0	1.2179256068400594e-10	0.5494478050855127	False	1.3177266769329612	0.7195165083942971	mwu_strict	3.8905956885168564e-10
synthcre_452	reference	reference	reference		510467.5	0.0009100463567860267	0.8806522780315424	False	1.3177266769329612	1.159265522644262	mwu_strict	0.0014844727805729512
synthcre_231	reference	reference	reference		630948.0	0.0004717650144848965	0.8931555921811818	False	1.3177266769329612	1.1758665063908116	mwu_strict	0.0007949154090221699
synthcre_312	reference	reference	reference		2562573.5	0.07993058742834327	1.0453903096589692	False	1.3177266769329612	1.3779926019414224	mwu_strict	0.10156925474319864
synthcre_341	reference	reference	reference		1294235.5	0.07078766688208875	0.9608519396302907	False	1.3177266769329612	1.265748752829916	mwu_strict	0.09168737299041349
synthcre_47	reference	reference	reference		1129726.5	0.1276081434719546	0.9704887812509021	False	1.3177266769329612	1.2785438445309798	mwu_strict	0.15737197318257135
synthcre_162	reference	reference	reference		1530931.0	0.18462509792045612	0.9749978029269184	False	1.3177266769329612	1.2845305928970956	mwu_strict	0.22116548188387974
synthcre_110	reference	reference	reference		3513.0	0.6371978722339529	0.7966040974053749	False	1.3177266769329612	1.0476725110792193	mwu_strict	0.6769307649598575
synthcre_130	reference	reference	reference		5600303.0	0.28042449067557806	1.0443319326311815	False	1.3177266769329612	1.3765873665273758	mwu_strict	0.32410870781599477
synthcre_92	reference	reference	reference		1610505.0	0.37535357693969207	1.0323170459259439	False	1.3177266769329612	1.3606348809285045	mwu_strict	0.41705952993299117
synthcre_265	reference	reference	reference		1465565.5	0.1902216504532508	0.9798144525554501	False	1.3177266769329612	1.2909257871023363	mwu_strict	0.22727781612596196
synthcre_106	reference	reference	reference		1238144.0	1.651655343274131e-06	0.9059225305401509	False	1.3177266769329612	1.1928175110327737	mwu_strict	3.5837804618212277e-06
