gt_draw	replicate	arm	auroc	auprc	fpr	n_null	n_tests
0	0	mwu	0.9341873537429737	0.8976992690388494	0.0	337	460
0	0	strict	0.6449542833707269	0.3987958983374979	0.7210682492581603	337	460
0	0	cohen	0.5803840679356349	0.3337008607374944	0.8249258160237388	337	460
0	0	deflated	0.859439606946539	0.8329407299928551	0.0	337	459
0	1	mwu	0.9002734223770809	0.873493591001465	0.0	336	459
0	1	strict	0.6838584010840109	0.4330518238474093	0.6815476190476191	336	459
0	1	cohen	0.5824743515292296	0.3147029284771202	0.8511904761904762	336	459
0	1	deflated	0.8480065431284944	0.8077939247885018	0.003003003003003003	333	456
0	2	mwu	0.8750457774848018	0.8597132412361658	0.009009009009009009	333	456
0	2	strict	0.6025049439683587	0.3543806413172932	0.8198198198198198	333	456
0	2	cohen	0.47718450157474546	0.25851730467833145	0.948948948948949	333	456
0	2	deflated	0.8612759100563978	0.8253493152253399	0.012012012012012012	333	456
0	3	mwu	0.893488697498251	0.8661388667120878	0.011869436201780416	337	460
0	3	strict	0.6422884851993921	0.39374049034799125	0.8664688427299704	337	460
0	3	cohen	0.5140768618368676	0.2744597161450698	0.9792284866468842	337	460
0	3	deflated	0.8098477720682251	0.7813137112455452	0.002967359050445104	337	460
0	4	mwu	0.8730244429174437	0.849029707905793	0.005988023952095809	334	456
0	4	strict	0.6811745361735546	0.4253370923103441	0.7485029940119761	334	456
0	4	cohen	0.5820040247374104	0.32274901388254473	0.9221556886227545	334	456
0	4	deflated	0.8501030725434376	0.8095621450122793	0.0029940119760479044	334	456
1	0	mwu	0.8747618727447948	0.8635528768484941	0.006230529595015576	321	460
1	0	strict	0.5924718169389722	0.3930696814969106	0.7009345794392523	321	460
1	0	cohen	0.5263676908940138	0.34237984932247395	0.8722741433021807	321	460
1	0	deflated	0.8646652771240951	0.8326994887042094	0.0	321	460
1	1	mwu	0.8860836330935252	0.879411210103442	0.0	320	459
1	1	strict	0.6618255395683453	0.44773768733885644	0.809375	320	459
1	1	cohen	0.5467738309352518	0.32582498685478345	0.934375	320	459
1	1	deflated	0.8264838129496404	0.8098690955823961	0.003125	320	459
1	2	mwu	0.8380958784374369	0.8210529934119102	0.009345794392523364	321	460
1	2	strict	0.6445572513951456	0.43903464751339133	0.7289719626168224	321	460
1	2	cohen	0.5964835608148995	0.37548789928678755	0.8598130841121495	321	460
1	2	deflated	0.8136668235505053	0.7925060056086832	0.003115264797507788	321	460
1	3	mwu	0.8604451668246873	0.8487960601108732	0.0	321	459
1	3	strict	0.587859497042756	0.3832125101929743	0.7258566978193146	321	459
1	3	cohen	0.5511422637590863	0.33148900734324815	0.8068535825545171	321	459
1	3	deflated	0.8431686611903073	0.8033502032265939	0.0	319	456
1	4	mwu	0.8962117805755395	0.8804547181571021	0.003125	320	459
1	4	strict	0.639894334532374	0.4460693357837968	0.684375	320	459
1	4	cohen	0.5446492805755395	0.3317589508958585	0.85	320	459
1	4	deflated	0.8033761078911166	0.7700133125846348	0.01567398119122257	319	458
2	0	mwu	0.8609439272569821	0.8544159773182741	0.0032258064516129032	310	459
2	0	strict	0.6397921628058022	0.4485255017932649	0.8161290322580645	310	459
2	0	cohen	0.5258822255899545	0.33684450525057696	0.9451612903225807	310	459
2	0	deflated	0.7780239351882019	0.7562310801555153	0.02912621359223301	309	458
2	1	mwu	0.870534747780905	0.866010790300627	0.00967741935483871	310	459
2	1	strict	0.5919787832864256	0.40005292885135046	0.7193548387096774	310	459
2	1	cohen	0.5304178393591686	0.3399562634380409	0.8290322580645161	310	459
2	1	deflated	0.7656202641264342	0.7377355838119892	0.1	310	459
2	2	mwu	0.8956484087464819	0.8867040311025866	0.0064516129032258064	310	459
2	2	strict	0.6562892400952587	0.44775831553632084	0.8258064516129032	310	459
2	2	cohen	0.5656310889802988	0.36155203155761945	0.9612903225806452	310	459
2	2	deflated	0.8640181857544922	0.8407694189655825	0.0	310	459
2	3	mwu	0.8596047187252399	0.8578142163802884	0.0	307	455
2	3	strict	0.5831939431287966	0.40258058729960683	0.749185667752443	307	455
2	3	cohen	0.46999075622854125	0.3101794337541175	0.8697068403908795	307	455
2	3	deflated	0.772721250662427	0.7356424746067443	0.05555555555555555	306	454
2	4	mwu	0.8831323179857382	0.8756669124448154	0.009771986970684038	307	455
2	4	strict	0.6142376089444493	0.42791111030252715	0.8534201954397395	307	455
2	4	cohen	0.5132494057575491	0.33197557688376594	0.9576547231270358	307	455
2	4	deflated	0.8312571529183906	0.807355862139199	0.029315960912052116	307	455
3	0	mwu	0.9195759415615217	0.8973351847737266	0.009036144578313253	332	459
3	0	strict	0.6228891945735698	0.36672253204823724	0.8674698795180723	332	459
3	0	cohen	0.506771179205009	0.2800902322220699	0.9728915662650602	332	459
3	0	deflated	0.8589792239825441	0.8256283539919965	0.009036144578313253	332	459
3	1	mwu	0.8422113651456219	0.804846760972428	0.02108433734939759	332	459
3	1	strict	0.5531851816715682	0.32290290076714523	0.75	332	459
3	1	cohen	0.4649345413148658	0.2541473523550999	0.8313253012048193	332	459
3	1	deflated	0.7531306327672896	0.7275179830341058	0.0030120481927710845	332	459
3	2	mwu	0.8112133573664738	0.7820192273333167	0.0030120481927710845	332	459
3	2	strict	0.489967744995731	0.27856892882982187	0.7620481927710844	332	459
3	2	cohen	0.48160753249217336	0.2602128489956608	0.75	332	459
3	2	deflated	0.692889668911868	0.6194327251989649	0.0	332	459
3	3	mwu	0.8821743667583721	0.8588926929654437	0.012048192771084338	332	459
3	3	strict	0.6369651835689213	0.3887002006305249	0.7771084337349398	332	459
3	3	cohen	0.5242386870315909	0.2935567531348747	0.9156626506024096	332	459
3	3	deflated	0.8154586851342377	0.7732905462853025	0.012048192771084338	332	459
3	4	mwu	0.9064842045346742	0.8790181050927912	0.009036144578313253	332	459
3	4	strict	0.6015439711602315	0.35782177103536905	0.9006024096385542	332	459
3	4	cohen	0.5269424153306138	0.2892203218279441	0.9759036144578314	332	459
3	4	deflated	0.8072174512929086	0.7714188878305389	0.02416918429003021	331	458
4	0	mwu	0.9199999999999999	0.8998116790096902	0.009230769230769232	325	460
4	0	strict	0.6092991452991453	0.38932285578670245	0.8276923076923077	325	460
4	0	cohen	0.5045584045584046	0.29674177535792556	0.9507692307692308	325	460
4	0	deflated	0.8610562571756601	0.8315670324685448	0.006153846153846154	325	459
4	1	mwu	0.8563607085346215	0.8444194498522442	0.018633540372670808	322	457
4	1	strict	0.6080745341614907	0.39632549371469794	0.7298136645962733	322	457
4	1	cohen	0.5397170462387855	0.3156581158150893	0.8167701863354038	322	457
4	1	deflated	0.8694956892555853	0.838448503129029	0.0	322	456
4	2	mwu	0.9041595441595441	0.8851524808900872	0.0	325	460
4	2	strict	0.6024843304843306	0.3889668723888615	0.7446153846153846	325	460
4	2	cohen	0.5123874643874644	0.29953445822906677	0.8338461538461538	325	460
4	2	deflated	0.8280341880341879	0.8021067344985068	0.018461538461538463	325	460
4	3	mwu	0.8677378917378917	0.8626330959570181	0.003076923076923077	325	460
4	3	strict	0.629082621082621	0.41183277374105004	0.7692307692307693	325	460
4	3	cohen	0.5725242165242166	0.34733768225779305	0.88	325	460
4	3	deflated	0.8650940170940171	0.8348855513622215	0.0	325	460
4	4	mwu	0.8921582075903064	0.8774540570467894	0.009259259259259259	324	459
4	4	strict	0.6237654320987654	0.40038936694020505	0.7438271604938271	324	459
4	4	cohen	0.5809785093735711	0.3551475555319501	0.845679012345679	324	459
4	4	deflated	0.8489852081183351	0.8075235062245173	0.009287925696594427	323	458
