level	regressor	mu	expansion
reference	reference	0.0008192540844902396	coarse
reference	combo_Mute_crx1	0.0005984948948025703	coarse
reference	combo_Mute_crx2	0.0002041336556430906	coarse
reference	combo_Mute_crx2_crx1	0.003471737029030919	coarse
reference	combo_Mute_crx3	0.0012973459670320153	coarse
reference	combo_Mute_crx3_crx1	0.0009088545339182019	coarse
reference	combo_Mute_crx3_crx2	0.0021550143137574196	coarse
reference	combo_Mute_crx4	0.0012691307347267866	coarse
reference	combo_Mute_crx4_crx1	0.0015497544081881642	coarse
reference	combo_Mute_crx4_crx2	0.001514495350420475	coarse
reference	combo_Mute_crx4_crx3	0.004447999410331249	coarse
reference	combo_Mute_crx5	0.0013052362482994795	coarse
reference	combo_Mute_crx5_crx1	0.0011895161587744951	coarse
reference	combo_Mute_crx5_crx2	0.000588061404414475	coarse
reference	combo_Mute_crx5_crx3	0.004801340866833925	coarse
reference	combo_Mute_crx5_crx4	0.0016808441141620278	coarse
reference	combo_Q50_crx1	0.0004988102591596544	coarse
reference	combo_Q50_crx2	0.0015790333272889256	coarse
reference	combo_Q50_crx2_crx1	0.0010295691899955273	coarse
reference	combo_Q50_crx3	0.0006982825580053031	coarse
reference	combo_Q50_crx3_crx1	0.0007634413195773959	coarse
reference	combo_Q50_crx3_crx2	0.001491769216954708	coarse
reference	combo_Q50_crx4	0.0009454838582314551	coarse
reference	combo_Q50_crx4_crx1	0.0020348543766885996	coarse
reference	combo_Q50_crx4_crx2	0.001283501391299069	coarse
reference	combo_Q50_crx4_crx3	0.0006979946047067642	coarse
reference	combo_Q50_crx5	0.0006695800693705678	coarse
reference	combo_Q50_crx5_crx1	0.00042828379082493484	coarse
reference	combo_Q50_crx5_crx2	0.0019093069713562727	coarse
reference	combo_Q50_crx5_crx3	0.0007851818227209151	coarse
reference	combo_Q50_crx5_crx4	0.0006284057744778693	coarse
reference	eboxDouble_gcagctgg_to_gcaaatgg	0.003780473256483674	coarse
reference	eboxDouble_gcagctgg_to_gcaagtgg	0.003893379820510745	coarse
reference	eboxDouble_gcagctgg_to_gcaattgg	0.004047584719955921	coarse
reference	eboxDouble_gcagctgg_to_gcacatgg	0.0009849221678450704	coarse
reference	eboxDouble_gcagctgg_to_gcacgtgg	0.0009370749467052519	coarse
reference	eboxDouble_gcagctgg_to_gcacttgg	0.0016745218308642507	coarse
reference	eboxDouble_gcagctgg_to_gcatatgg	0.0016488343244418502	coarse
reference	eboxDouble_gcagctgg_to_gcatgtgg	0.0003484245971776545	coarse
reference	eboxDouble_gcagctgg_to_gcatttgg	0.0042123557068407536	coarse
reference	ebox_gcagctgg_to_acagctgg	0.0010803702753037214	coarse
reference	ebox_gcagctgg_to_ccagctgg	0.001050964929163456	coarse
reference	ebox_gcagctgg_to_gaagctgg	0.0021836517844349146	coarse
reference	ebox_gcagctgg_to_gcaactgg	0.0009297891519963741	coarse
reference	ebox_gcagctgg_to_gcacctgg	0.0014072996564209461	coarse
reference	ebox_gcagctgg_to_gcagatgg	0.0013758919667452574	coarse
reference	ebox_gcagctgg_to_gcagcagg	0.0010412707924842834	coarse
reference	ebox_gcagctgg_to_gcagccgg	0.0013803058536723256	coarse
reference	ebox_gcagctgg_to_gcagcggg	0.0004524536489043385	coarse
reference	ebox_gcagctgg_to_gcagctag	0.000924734107684344	coarse
reference	ebox_gcagctgg_to_gcagctcg	0.0012400535633787513	coarse
reference	ebox_gcagctgg_to_gcagctga	0.0010573441395536065	coarse
reference	ebox_gcagctgg_to_gcagctgc	0.0022344072349369526	coarse
reference	ebox_gcagctgg_to_gcagctgt	0.001720690866932273	coarse
reference	ebox_gcagctgg_to_gcagcttg	0.00481653306633234	coarse
reference	ebox_gcagctgg_to_gcaggtgg	0.0021595570724457502	coarse
reference	ebox_gcagctgg_to_gcagttgg	0.0010161070385947824	coarse
reference	ebox_gcagctgg_to_gcatctgg	0.0009903681930154562	coarse
reference	ebox_gcagctgg_to_gccgctgg	0.0029958884697407484	coarse
reference	ebox_gcagctgg_to_gcggctgg	0.0010649162577465177	coarse
reference	ebox_gcagctgg_to_gctgctgg	0.004892221186310053	coarse
reference	ebox_gcagctgg_to_ggagctgg	0.0012169847032055259	coarse
reference	ebox_gcagctgg_to_gtagctgg	0.002789280842989683	coarse
reference	ebox_gcagctgg_to_tcagctgg	0.0018849530024453998	coarse
reference	swap_crx1_to_gggataag_reverse	0.0013811156386509538	coarse
reference	swap_crx1_to_gggattag_reverse	0.0010733595117926598	coarse
reference	swap_crx1_to_gggcttag_reverse	0.0002833304461091757	coarse
reference	swap_crx2_to_gggataag_reverse	0.0010518728522583842	coarse
reference	swap_crx2_to_gggattag_reverse	0.0005762526416219771	coarse
reference	swap_crx2_to_gggcttag_reverse	0.0006491476087830961	coarse
reference	swap_crx3_to_ctaagccc_forward	0.0008342050714418292	coarse
reference	swap_crx3_to_ctaatccc_forward	0.0003260037337895483	coarse
reference	swap_crx3_to_cttatccc_forward	0.0013755763648077846	coarse
reference	swap_crx4_to_ctaagccc_forward	0.0006755109643563628	coarse
reference	swap_crx4_to_ctaatccc_forward	0.0004306505434215069	coarse
reference	swap_crx4_to_cttatccc_forward	0.0013082869118079543	coarse
reference	swap_crx5_to_ctaagccc_forward	0.0010075869504362345	coarse
reference	swap_crx5_to_ctaatccc_forward	0.0005762963555753231	coarse
reference	swap_crx5_to_cttatccc_forward	0.000882138847373426	coarse
reference	tail_conserve1_159_to_164	0.0005099374102428555	coarse
reference	tail_conserve1_164_to_169	0.0010819467715919018	coarse
reference	tail_conserve1_169_to_174	0.00040073326090350747	coarse
reference	tail_conserve2_173_to_178	0.0016454546712338924	coarse
reference	tail_conserve2_178_to_183	0.0017720519099384546	coarse
reference	tail_conserve2_183_to_188	0.0012835582019761205	coarse
reference	tail_conserve2_188_to_193	0.0007249946356751025	coarse
reference	tail_conserve2_193_to_198	0.001541615230962634	coarse
reference	tail_conserve3_200_to_205	0.004146709106862545	coarse
reference	tail_conserve3_205_to_210	0.0008511038031429052	coarse
reference	tail_conserve3_210_to_215	0.0007189628086052835	coarse
reference	tail_conserve3_215_to_220	0.0004500166978687048	coarse
reference	tail_conserve3_220_to_225	0.0007115702610462904	coarse
reference	tail_conserve3_225_to_230	0.0015845407033339143	coarse
reference	tail_conserve3_230_to_235	0.0012873818632215261	coarse
reference	tail_conserve3_235_to_240	0.0007578415679745376	coarse
reference	tail_conserve3_240_to_245	0.000381705176550895	coarse
reference	tail_conserve3_245_to_250	0.0006701700622215867	coarse
reference	tail_conserve3_250_to_255	0.0022305736783891916	coarse
reference	tail_conserve4_423_to_428	0.002034801058471203	coarse
reference	tail_conserve4_428_to_433	0.0006221511284820735	coarse
reference	tail_conserve4_433_to_438	0.004982022102922201	coarse
reference	tail_conserve5_443_to_448	0.0002737464674282819	coarse
reference	tail_conserve5_448_to_453	0.0008709312533028424	coarse
reference	tail_conserve5_453_to_458	0.0011533431243151426	coarse
reference	tail_conserve5_458_to_463	0.0008403622778132558	coarse
reference	tail_conserve5_463_to_468	0.000668736407533288	coarse
reference	tail_conserve5_468_to_473	0.0011890013702213764	coarse
reference	tail_conserve5_473_to_478	0.0009106960496865213	coarse
reference	tail_conserve6_478_to_483	0.000937830307520926	coarse
reference	tail_conserve6_483_to_488	0.00030565433553420007	coarse
reference	tail_conserve6_488_to_493	0.0007531314040534198	coarse
reference	tail_conserve6_493_to_498	0.0006649036658927798	coarse
reference	tail_conserve6_498_to_503	0.0007387934601865709	coarse
reference	tail_conserve6_503_to_508	0.0015760348178446293	coarse
Bipolar	reference	0.001325896824710071	coarse
Bipolar	combo_Mute_crx1	0.0006447433261200786	coarse
Bipolar	combo_Mute_crx2	0.00029106333386152983	coarse
Bipolar	combo_Mute_crx2_crx1	0.0015372878406196833	coarse
Bipolar	combo_Mute_crx3	0.0032185388263314962	coarse
Bipolar	combo_Mute_crx3_crx1	0.001397702842950821	coarse
Bipolar	combo_Mute_crx3_crx2	0.0016712831566110253	coarse
Bipolar	combo_Mute_crx4	0.001141471671871841	coarse
Bipolar	combo_Mute_crx4_crx1	0.0008781065698713064	coarse
Bipolar	combo_Mute_crx4_crx2	0.0011588216293603182	coarse
Bipolar	combo_Mute_crx4_crx3	0.0025894104037433863	coarse
Bipolar	combo_Mute_crx5	0.0014545479789376259	coarse
Bipolar	combo_Mute_crx5_crx1	0.0010454882867634296	coarse
Bipolar	combo_Mute_crx5_crx2	0.0017608946654945612	coarse
Bipolar	combo_Mute_crx5_crx3	0.002594367368146777	coarse
Bipolar	combo_Mute_crx5_crx4	0.001958554843440652	coarse
Bipolar	combo_Q50_crx1	0.0004892040742561221	coarse
Bipolar	combo_Q50_crx2	0.0017864707624539733	coarse
Bipolar	combo_Q50_crx2_crx1	0.0008031590259633958	coarse
Bipolar	combo_Q50_crx3	0.0005712477141059935	coarse
Bipolar	combo_Q50_crx3_crx1	0.0004568879085127264	coarse
Bipolar	combo_Q50_crx3_crx2	0.003379713511094451	coarse
Bipolar	combo_Q50_crx4	0.0012365385191515088	coarse
Bipolar	combo_Q50_crx4_crx1	0.001152947312220931	coarse
Bipolar	combo_Q50_crx4_crx2	0.00044220808194950223	coarse
Bipolar	combo_Q50_crx4_crx3	0.0003987651434727013	coarse
Bipolar	combo_Q50_crx5	0.000791952305007726	coarse
Bipolar	combo_Q50_crx5_crx1	0.0003480218001641333	coarse
Bipolar	combo_Q50_crx5_crx2	0.0008132008370012045	coarse
Bipolar	combo_Q50_crx5_crx3	0.0005908927414566278	coarse
Bipolar	combo_Q50_crx5_crx4	0.0006494398694485426	coarse
Bipolar	eboxDouble_gcagctgg_to_gcaaatgg	0.005943479016423225	coarse
Bipolar	eboxDouble_gcagctgg_to_gcaagtgg	0.010348938405513763	coarse
Bipolar	eboxDouble_gcagctgg_to_gcaattgg	0.004745075479149818	coarse
Bipolar	eboxDouble_gcagctgg_to_gcacatgg	0.0015753195621073246	coarse
Bipolar	eboxDouble_gcagctgg_to_gcacgtgg	0.001275371410883963	coarse
Bipolar	eboxDouble_gcagctgg_to_gcacttgg	0.0023594587109982967	coarse
Bipolar	eboxDouble_gcagctgg_to_gcatatgg	0.0015861266292631626	coarse
Bipolar	eboxDouble_gcagctgg_to_gcatgtgg	0.0011315203737467527	coarse
Bipolar	eboxDouble_gcagctgg_to_gcatttgg	0.012870706617832184	coarse
Bipolar	ebox_gcagctgg_to_acagctgg	0.0011327015236020088	coarse
Bipolar	ebox_gcagctgg_to_ccagctgg	0.0011024816194549203	coarse
Bipolar	ebox_gcagctgg_to_gaagctgg	0.0042119501158595085	coarse
Bipolar	ebox_gcagctgg_to_gcaactgg	0.0011025924468412995	coarse
Bipolar	ebox_gcagctgg_to_gcacctgg	0.004127537831664085	coarse
Bipolar	ebox_gcagctgg_to_gcagatgg	0.0015014690579846501	coarse
Bipolar	ebox_gcagctgg_to_gcagcagg	0.0011392863234505057	coarse
Bipolar	ebox_gcagctgg_to_gcagccgg	0.0010965258115902543	coarse
Bipolar	ebox_gcagctgg_to_gcagcggg	0.0009172254358418286	coarse
Bipolar	ebox_gcagctgg_to_gcagctag	0.0014976306119933724	coarse
Bipolar	ebox_gcagctgg_to_gcagctcg	0.0013825686182826757	coarse
Bipolar	ebox_gcagctgg_to_gcagctgc	0.01330385822802782	coarse
Bipolar	ebox_gcagctgg_to_gcagctgt	0.009861483238637447	coarse
Bipolar	ebox_gcagctgg_to_gcagcttg	0.008032413199543953	coarse
Bipolar	ebox_gcagctgg_to_gcaggtgg	0.004602599423378706	coarse
Bipolar	ebox_gcagctgg_to_gcagttgg	0.001770583912730217	coarse
Bipolar	ebox_gcagctgg_to_gcatctgg	0.0015118272276595235	coarse
Bipolar	ebox_gcagctgg_to_gccgctgg	0.004569729324430227	coarse
Bipolar	ebox_gcagctgg_to_gcggctgg	0.0011002480750903487	coarse
Bipolar	ebox_gcagctgg_to_gctgctgg	0.008745968341827393	coarse
Bipolar	ebox_gcagctgg_to_ggagctgg	0.0009648727718740702	coarse
Bipolar	ebox_gcagctgg_to_gtagctgg	0.00569636607542634	coarse
Bipolar	ebox_gcagctgg_to_tcagctgg	0.0030308938585221767	coarse
Bipolar	swap_crx1_to_gggataag_reverse	0.0007943168166093528	coarse
Bipolar	swap_crx1_to_gggattag_reverse	0.0016342127928510308	coarse
Bipolar	swap_crx1_to_gggcttag_reverse	0.0003721308312378824	coarse
Bipolar	swap_crx2_to_gggataag_reverse	0.0011066988809034228	coarse
Bipolar	swap_crx2_to_gggattag_reverse	0.0004897164180874825	coarse
Bipolar	swap_crx2_to_gggcttag_reverse	0.0006303643458522856	coarse
Bipolar	swap_crx3_to_ctaagccc_forward	0.0012892653467133641	coarse
Bipolar	swap_crx3_to_ctaatccc_forward	0.00045428320299834013	coarse
Bipolar	swap_crx3_to_cttatccc_forward	0.001968513010069728	coarse
Bipolar	swap_crx4_to_ctaagccc_forward	0.0006375768571160734	coarse
Bipolar	swap_crx4_to_ctaatccc_forward	0.0005721017369069159	coarse
Bipolar	swap_crx4_to_cttatccc_forward	0.0016845196951180696	coarse
Bipolar	swap_crx5_to_ctaagccc_forward	0.0022307250183075666	coarse
Bipolar	swap_crx5_to_ctaatccc_forward	0.0012557555455714464	coarse
Bipolar	swap_crx5_to_cttatccc_forward	0.0012099180603399873	coarse
Bipolar	tail_conserve1_159_to_164	0.0007209336035884917	coarse
Bipolar	tail_conserve1_164_to_169	0.0012199466582387686	coarse
Bipolar	tail_conserve1_169_to_174	0.0004852126585319638	coarse
Bipolar	tail_conserve2_173_to_178	0.005543292500078678	coarse
Bipolar	tail_conserve2_178_to_183	0.0018579988973215222	coarse
Bipolar	tail_conserve2_183_to_188	0.0017717115115374327	coarse
Bipolar	tail_conserve2_188_to_193	0.0020538349635899067	coarse
Bipolar	tail_conserve2_193_to_198	0.0019818353466689587	coarse
Bipolar	tail_conserve3_200_to_205	0.006709985435009003	coarse
Bipolar	tail_conserve3_205_to_210	0.0022200774401426315	coarse
Bipolar	tail_conserve3_210_to_215	0.0007115654880180955	coarse
Bipolar	tail_conserve3_215_to_220	0.0005748815601691604	coarse
Bipolar	tail_conserve3_220_to_225	0.0008220516610890627	coarse
Bipolar	tail_conserve3_225_to_230	0.001462046056985855	coarse
Bipolar	tail_conserve3_230_to_235	0.0011178846471011639	coarse
Bipolar	tail_conserve3_235_to_240	0.0010198106756433845	coarse
Bipolar	tail_conserve3_240_to_245	0.00038913454045541584	coarse
Bipolar	tail_conserve3_245_to_250	0.0004867729439865798	coarse
Bipolar	tail_conserve3_250_to_255	0.0015712932217866182	coarse
Bipolar	tail_conserve4_423_to_428	0.004415138624608517	coarse
Bipolar	tail_conserve4_428_to_433	0.0012591173872351646	coarse
Bipolar	tail_conserve4_433_to_438	0.0014562287833541632	coarse
Bipolar	tail_conserve5_443_to_448	0.0004413864517118782	coarse
Bipolar	tail_conserve5_448_to_453	0.0008542875875718892	coarse
Bipolar	tail_conserve5_453_to_458	0.0009306479478254914	coarse
Bipolar	tail_conserve5_458_to_463	0.0007420567562803626	coarse
Bipolar	tail_conserve5_463_to_468	0.0008175144903361797	coarse
Bipolar	tail_conserve5_468_to_473	0.0010476080933585763	coarse
Bipolar	tail_conserve5_473_to_478	0.001090523088350892	coarse
Bipolar	tail_conserve6_478_to_483	0.0017391534056514502	coarse
Bipolar	tail_conserve6_483_to_488	0.000419829273596406	coarse
Bipolar	tail_conserve6_488_to_493	0.0008458523661829531	coarse
Bipolar	tail_conserve6_493_to_498	0.0006582665955647826	coarse
Bipolar	tail_conserve6_498_to_503	0.0006831064820289612	coarse
Bipolar	tail_conserve6_503_to_508	0.0008672830881550908	coarse
Mueller Glia	reference	0.0005469387397170067	coarse
Mueller Glia	combo_Mute_crx1	0.0005083290743641555	coarse
Mueller Glia	combo_Mute_crx2	0.0022599976509809494	coarse
Mueller Glia	combo_Mute_crx2_crx1	0.0044202739372849464	coarse
Mueller Glia	combo_Mute_crx3	0.001303826691582799	coarse
Mueller Glia	combo_Mute_crx3_crx1	0.0010426277294754982	coarse
Mueller Glia	combo_Mute_crx3_crx2	0.005988894496113062	coarse
Mueller Glia	combo_Mute_crx4	0.0018528029322624207	coarse
Mueller Glia	combo_Mute_crx4_crx1	0.0008055511279962957	coarse
Mueller Glia	combo_Mute_crx4_crx2	0.003483651904389262	coarse
Mueller Glia	combo_Mute_crx4_crx3	0.0016905780648812652	coarse
Mueller Glia	combo_Mute_crx5	0.0006574516301043332	coarse
Mueller Glia	combo_Mute_crx5_crx1	0.0005556342075578868	coarse
Mueller Glia	combo_Mute_crx5_crx2	0.0011971205240115523	coarse
Mueller Glia	combo_Mute_crx5_crx3	0.0012679699575528502	coarse
Mueller Glia	combo_Mute_crx5_crx4	0.0009291553869843483	coarse
Mueller Glia	combo_Q50_crx1	0.00035461137304082513	coarse
Mueller Glia	combo_Q50_crx2	0.001759838778525591	coarse
Mueller Glia	combo_Q50_crx2_crx1	0.0004898077459074557	coarse
Mueller Glia	combo_Q50_crx3	0.0007564598345197737	coarse
Mueller Glia	combo_Q50_crx3_crx1	0.0005776436300948262	coarse
Mueller Glia	combo_Q50_crx3_crx2	0.004686576779931784	coarse
Mueller Glia	combo_Q50_crx4	0.0007277808035723865	coarse
Mueller Glia	combo_Q50_crx4_crx1	0.002210513222962618	coarse
Mueller Glia	combo_Q50_crx4_crx2	0.004216133616864681	coarse
Mueller Glia	combo_Q50_crx4_crx3	0.0007486125105060637	coarse
Mueller Glia	combo_Q50_crx5	0.00046191064757294953	coarse
Mueller Glia	combo_Q50_crx5_crx1	0.00033232170972041786	coarse
Mueller Glia	combo_Q50_crx5_crx2	0.0005467997398227453	coarse
Mueller Glia	combo_Q50_crx5_crx3	0.0005286799278110266	coarse
Mueller Glia	combo_Q50_crx5_crx4	0.00045548941125161946	coarse
Mueller Glia	eboxDouble_gcagctgg_to_gcaaatgg	0.0013940375065430999	coarse
Mueller Glia	eboxDouble_gcagctgg_to_gcaagtgg	0.010188385844230652	coarse
Mueller Glia	eboxDouble_gcagctgg_to_gcaattgg	0.0011788830161094666	coarse
Mueller Glia	eboxDouble_gcagctgg_to_gcacatgg	0.000734154018573463	coarse
Mueller Glia	eboxDouble_gcagctgg_to_gcacgtgg	0.0004605226858984679	coarse
Mueller Glia	eboxDouble_gcagctgg_to_gcacttgg	0.00441691093146801	coarse
Mueller Glia	eboxDouble_gcagctgg_to_gcatatgg	0.0024843267165124416	coarse
Mueller Glia	eboxDouble_gcagctgg_to_gcatgtgg	0.0004044910310767591	coarse
Mueller Glia	eboxDouble_gcagctgg_to_gcatttgg	0.0010536561021581292	coarse
Mueller Glia	ebox_gcagctgg_to_acagctgg	0.0012705391272902489	coarse
Mueller Glia	ebox_gcagctgg_to_ccagctgg	0.0012311176396906376	coarse
Mueller Glia	ebox_gcagctgg_to_gaagctgg	0.004561515059322119	coarse
Mueller Glia	ebox_gcagctgg_to_gcaactgg	0.00070163857890293	coarse
Mueller Glia	ebox_gcagctgg_to_gcacctgg	0.0021731117740273476	coarse
Mueller Glia	ebox_gcagctgg_to_gcagatgg	0.00039999274304136634	coarse
Mueller Glia	ebox_gcagctgg_to_gcagcagg	0.0011832847958430648	coarse
Mueller Glia	ebox_gcagctgg_to_gcagccgg	0.0014051921898499131	coarse
Mueller Glia	ebox_gcagctgg_to_gcagcggg	0.0003971627738792449	coarse
Mueller Glia	ebox_gcagctgg_to_gcagctag	0.0010541785741224885	coarse
Mueller Glia	ebox_gcagctgg_to_gcagctcg	0.0013302048901095986	coarse
Mueller Glia	ebox_gcagctgg_to_gcagctga	0.0005467251758091152	coarse
Mueller Glia	ebox_gcagctgg_to_gcagctgc	0.0014849079307168722	coarse
Mueller Glia	ebox_gcagctgg_to_gcagctgt	0.0009363561985082924	coarse
Mueller Glia	ebox_gcagctgg_to_gcagcttg	0.0010258413385599852	coarse
Mueller Glia	ebox_gcagctgg_to_gcaggtgg	0.0036614597775042057	coarse
Mueller Glia	ebox_gcagctgg_to_gcagttgg	0.0015622442588210106	coarse
Mueller Glia	ebox_gcagctgg_to_gcatctgg	0.0006423341692425311	coarse
Mueller Glia	ebox_gcagctgg_to_gccgctgg	0.005320221185684204	coarse
Mueller Glia	ebox_gcagctgg_to_gcggctgg	0.0009412266663275659	coarse
Mueller Glia	ebox_gcagctgg_to_gctgctgg	0.0024845979642122984	coarse
Mueller Glia	ebox_gcagctgg_to_ggagctgg	0.000809156452305615	coarse
Mueller Glia	ebox_gcagctgg_to_gtagctgg	0.0020059882663190365	coarse
Mueller Glia	ebox_gcagctgg_to_tcagctgg	0.0012388874311000109	coarse
Mueller Glia	swap_crx1_to_gggataag_reverse	0.000633560644928366	coarse
Mueller Glia	swap_crx1_to_gggattag_reverse	0.0005064010620117188	coarse
Mueller Glia	swap_crx1_to_gggcttag_reverse	0.00024346078862436116	coarse
Mueller Glia	swap_crx2_to_gggataag_reverse	0.001185613451525569	coarse
Mueller Glia	swap_crx2_to_gggattag_reverse	0.0004403958155307919	coarse
Mueller Glia	swap_crx2_to_gggcttag_reverse	0.00045275018783286214	coarse
Mueller Glia	swap_crx3_to_ctaagccc_forward	0.0007913676090538502	coarse
Mueller Glia	swap_crx3_to_ctaatccc_forward	0.00019322267326060683	coarse
Mueller Glia	swap_crx3_to_cttatccc_forward	0.001233976217918098	coarse
Mueller Glia	swap_crx4_to_ctaagccc_forward	0.0004732613742817193	coarse
Mueller Glia	swap_crx4_to_ctaatccc_forward	0.00023485918063670397	coarse
Mueller Glia	swap_crx4_to_cttatccc_forward	0.0007669331389479339	coarse
Mueller Glia	swap_crx5_to_ctaagccc_forward	0.0005730964476242661	coarse
Mueller Glia	swap_crx5_to_ctaatccc_forward	0.0005849833250977099	coarse
Mueller Glia	swap_crx5_to_cttatccc_forward	0.0006627025431953371	coarse
Mueller Glia	tail_conserve1_159_to_164	0.0005036731017753482	coarse
Mueller Glia	tail_conserve1_164_to_169	0.0013494142331182957	coarse
Mueller Glia	tail_conserve1_169_to_174	0.0002864508132915944	coarse
Mueller Glia	tail_conserve2_173_to_178	0.0018515947740525007	coarse
Mueller Glia	tail_conserve2_178_to_183	0.0023775207810103893	coarse
Mueller Glia	tail_conserve2_183_to_188	0.0004589806776493788	coarse
Mueller Glia	tail_conserve2_188_to_193	0.0015469671925529838	coarse
Mueller Glia	tail_conserve2_193_to_198	0.0005148292402736843	coarse
Mueller Glia	tail_conserve3_200_to_205	0.0017135707894340158	coarse
Mueller Glia	tail_conserve3_205_to_210	0.0019093789160251617	coarse
Mueller Glia	tail_conserve3_210_to_215	0.00045890433830209076	coarse
Mueller Glia	tail_conserve3_215_to_220	0.0002912157797254622	coarse
Mueller Glia	tail_conserve3_220_to_225	0.0007311499211937189	coarse
Mueller Glia	tail_conserve3_225_to_230	0.003741635475307703	coarse
Mueller Glia	tail_conserve3_230_to_235	0.0010180342942476273	coarse
Mueller Glia	tail_conserve3_235_to_240	0.0004965259577147663	coarse
Mueller Glia	tail_conserve3_240_to_245	0.0001736371632432565	coarse
Mueller Glia	tail_conserve3_245_to_250	0.0003209856804460287	coarse
Mueller Glia	tail_conserve3_250_to_255	0.0010377499274909496	coarse
Mueller Glia	tail_conserve4_423_to_428	0.0007476119208149612	coarse
Mueller Glia	tail_conserve4_428_to_433	0.0005183376488275826	coarse
Mueller Glia	tail_conserve4_433_to_438	0.001308440463617444	coarse
Mueller Glia	tail_conserve5_443_to_448	0.0002199852024205029	coarse
Mueller Glia	tail_conserve5_448_to_453	0.001309512765146792	coarse
Mueller Glia	tail_conserve5_453_to_458	0.0008821337250992656	coarse
Mueller Glia	tail_conserve5_458_to_463	0.0006231124280020595	coarse
Mueller Glia	tail_conserve5_463_to_468	0.0004965758416801691	coarse
Mueller Glia	tail_conserve5_468_to_473	0.0008529621409252286	coarse
Mueller Glia	tail_conserve5_473_to_478	0.0007170707685872912	coarse
Mueller Glia	tail_conserve6_478_to_483	0.0012491859961301088	coarse
Mueller Glia	tail_conserve6_483_to_488	0.00023222173331305385	coarse
Mueller Glia	tail_conserve6_488_to_493	0.0006683478131890297	coarse
Mueller Glia	tail_conserve6_493_to_498	0.0004142319958191365	coarse
Mueller Glia	tail_conserve6_498_to_503	0.0003210294235032052	coarse
Mueller Glia	tail_conserve6_503_to_508	0.0010445782681927085	coarse
Interneuron	reference	0.00028371872031129897	coarse
Interneuron	combo_Mute_crx1	0.00022726783936377615	coarse
Interneuron	combo_Mute_crx2	8.803145465208218e-05	coarse
Interneuron	combo_Mute_crx2_crx1	0.0004952150629833341	coarse
Interneuron	combo_Mute_crx3	0.0003719942469615489	coarse
Interneuron	combo_Mute_crx3_crx1	0.00033823252306319773	coarse
Interneuron	combo_Mute_crx3_crx2	0.00032727219513617456	coarse
Interneuron	combo_Mute_crx4	0.00023090335889719427	coarse
Interneuron	combo_Mute_crx4_crx1	0.0003036363050341606	coarse
Interneuron	combo_Mute_crx4_crx2	0.00019318822887726128	coarse
Interneuron	combo_Mute_crx4_crx3	0.0005155983963049948	coarse
Interneuron	combo_Mute_crx5	0.0003922696050722152	coarse
Interneuron	combo_Mute_crx5_crx1	0.0006987181841395795	coarse
Interneuron	combo_Mute_crx5_crx2	5.31979494553525e-05	coarse
Interneuron	combo_Mute_crx5_crx3	0.0024197979364544153	coarse
Interneuron	combo_Mute_crx5_crx4	0.0012441265862435102	coarse
Interneuron	combo_Q50_crx1	0.00011723013449227437	coarse
Interneuron	combo_Q50_crx2	0.0008794759633019567	coarse
Interneuron	combo_Q50_crx2_crx1	0.0007303708116523921	coarse
Interneuron	combo_Q50_crx3	0.00017567472241353244	coarse
Interneuron	combo_Q50_crx3_crx1	0.00030893777147866786	coarse
Interneuron	combo_Q50_crx3_crx2	0.00027894365484826267	coarse
Interneuron	combo_Q50_crx4	0.00034564061206765473	coarse
Interneuron	combo_Q50_crx4_crx1	0.0005825823172926903	coarse
Interneuron	combo_Q50_crx4_crx2	9.97793540591374e-05	coarse
Interneuron	combo_Q50_crx4_crx3	0.0002053694915957749	coarse
Interneuron	combo_Q50_crx5	0.0001687132171355188	coarse
Interneuron	combo_Q50_crx5_crx1	0.00011096247908426449	coarse
Interneuron	combo_Q50_crx5_crx2	0.0003160010965075344	coarse
Interneuron	combo_Q50_crx5_crx3	0.00019599503139033914	coarse
Interneuron	combo_Q50_crx5_crx4	0.00024776801001280546	coarse
Interneuron	eboxDouble_gcagctgg_to_gcaaatgg	0.0005779814091511071	coarse
Interneuron	eboxDouble_gcagctgg_to_gcaagtgg	0.0006769903702661395	coarse
Interneuron	eboxDouble_gcagctgg_to_gcaattgg	0.0004279014829080552	coarse
Interneuron	eboxDouble_gcagctgg_to_gcacatgg	0.0005565975443460047	coarse
Interneuron	eboxDouble_gcagctgg_to_gcacgtgg	0.0002583167515695095	coarse
Interneuron	eboxDouble_gcagctgg_to_gcacttgg	0.0003076018765568733	coarse
Interneuron	eboxDouble_gcagctgg_to_gcatatgg	0.00043324657599441707	coarse
Interneuron	eboxDouble_gcagctgg_to_gcatgtgg	0.00013578729704022408	coarse
Interneuron	eboxDouble_gcagctgg_to_gcatttgg	0.00031251352629624307	coarse
Interneuron	ebox_gcagctgg_to_acagctgg	0.00022921967320144176	coarse
Interneuron	ebox_gcagctgg_to_ccagctgg	0.0001739271974656731	coarse
Interneuron	ebox_gcagctgg_to_gaagctgg	0.00035089641460217535	coarse
Interneuron	ebox_gcagctgg_to_gcaactgg	0.00018433640070725232	coarse
Interneuron	ebox_gcagctgg_to_gcacctgg	0.0002520242996979505	coarse
Interneuron	ebox_gcagctgg_to_gcagatgg	0.00031152652809396386	coarse
Interneuron	ebox_gcagctgg_to_gcagcagg	0.0008835616172291338	coarse
Interneuron	ebox_gcagctgg_to_gcagccgg	0.00021016351820435375	coarse
Interneuron	ebox_gcagctgg_to_gcagcggg	8.894852362573147e-05	coarse
Interneuron	ebox_gcagctgg_to_gcagctag	0.00031576372566632926	coarse
Interneuron	ebox_gcagctgg_to_gcagctcg	0.00019122014055028558	coarse
Interneuron	ebox_gcagctgg_to_gcagctgt	0.00042140414007008076	coarse
Interneuron	ebox_gcagctgg_to_gcagcttg	0.00049912667600438	coarse
Interneuron	ebox_gcagctgg_to_gcaggtgg	0.000369362736819312	coarse
Interneuron	ebox_gcagctgg_to_gcagttgg	0.00046598052722401917	coarse
Interneuron	ebox_gcagctgg_to_gcatctgg	0.0002737715549301356	coarse
Interneuron	ebox_gcagctgg_to_gccgctgg	0.0003208344569429755	coarse
Interneuron	ebox_gcagctgg_to_gcggctgg	0.0002786304976325482	coarse
Interneuron	ebox_gcagctgg_to_gctgctgg	0.0014466176507994533	coarse
Interneuron	ebox_gcagctgg_to_ggagctgg	0.0003805154119618237	coarse
Interneuron	ebox_gcagctgg_to_gtagctgg	0.0006656767800450325	coarse
Interneuron	ebox_gcagctgg_to_tcagctgg	0.0004194529028609395	coarse
Interneuron	swap_crx1_to_gggataag_reverse	0.0002401207311777398	coarse
Interneuron	swap_crx1_to_gggattag_reverse	0.00040652768802829087	coarse
Interneuron	swap_crx1_to_gggcttag_reverse	7.239082333398983e-05	coarse
Interneuron	swap_crx2_to_gggataag_reverse	0.0001538659998914227	coarse
Interneuron	swap_crx2_to_gggattag_reverse	0.00013283293810673058	coarse
Interneuron	swap_crx2_to_gggcttag_reverse	0.00020461410167627037	coarse
Interneuron	swap_crx3_to_ctaagccc_forward	0.00031810373184271157	coarse
Interneuron	swap_crx3_to_ctaatccc_forward	8.332935249200091e-05	coarse
Interneuron	swap_crx3_to_cttatccc_forward	0.0002618691942188889	coarse
Interneuron	swap_crx4_to_ctaagccc_forward	0.000147478815051727	coarse
Interneuron	swap_crx4_to_ctaatccc_forward	8.95952180144377e-05	coarse
Interneuron	swap_crx4_to_cttatccc_forward	0.0010785573394969106	coarse
Interneuron	swap_crx5_to_ctaagccc_forward	0.0009872366208583117	coarse
Interneuron	swap_crx5_to_ctaatccc_forward	0.00030845493893139064	coarse
Interneuron	swap_crx5_to_cttatccc_forward	0.00030964240431785583	coarse
Interneuron	tail_conserve1_159_to_164	0.00014213068061508238	coarse
Interneuron	tail_conserve1_164_to_169	0.0002276083396282047	coarse
Interneuron	tail_conserve1_169_to_174	0.00010168292646994814	coarse
Interneuron	tail_conserve2_173_to_178	0.0002319711638847366	coarse
Interneuron	tail_conserve2_178_to_183	0.0011361073702573776	coarse
Interneuron	tail_conserve2_183_to_188	0.00026059887022711337	coarse
Interneuron	tail_conserve2_188_to_193	0.0001366368669550866	coarse
Interneuron	tail_conserve2_193_to_198	0.0004963798564858735	coarse
Interneuron	tail_conserve3_200_to_205	0.0007857473683543503	coarse
Interneuron	tail_conserve3_205_to_210	0.00010230622137896717	coarse
Interneuron	tail_conserve3_210_to_215	0.0002136445982614532	coarse
Interneuron	tail_conserve3_215_to_220	0.00011800679931184277	coarse
Interneuron	tail_conserve3_220_to_225	0.00029454962350428104	coarse
Interneuron	tail_conserve3_225_to_230	0.0003827469772659242	coarse
Interneuron	tail_conserve3_230_to_235	0.00025753138470463455	coarse
Interneuron	tail_conserve3_235_to_240	0.00015115525457076728	coarse
Interneuron	tail_conserve3_240_to_245	7.754123362246901e-05	coarse
Interneuron	tail_conserve3_245_to_250	0.00017624543397687376	coarse
Interneuron	tail_conserve3_250_to_255	0.00048726412933319807	coarse
Interneuron	tail_conserve4_423_to_428	0.0012106660287827253	coarse
Interneuron	tail_conserve4_428_to_433	0.0001097087369998917	coarse
Interneuron	tail_conserve4_433_to_438	0.0007677640533074737	coarse
Interneuron	tail_conserve5_443_to_448	6.0300208133412525e-05	coarse
Interneuron	tail_conserve5_448_to_453	0.0002753026783466339	coarse
Interneuron	tail_conserve5_453_to_458	0.0005642444593831897	coarse
Interneuron	tail_conserve5_458_to_463	0.00014566254685632885	coarse
Interneuron	tail_conserve5_463_to_468	0.0001822838676162064	coarse
Interneuron	tail_conserve5_468_to_473	0.00033471453934907913	coarse
Interneuron	tail_conserve5_473_to_478	0.0005863906117156148	coarse
Interneuron	tail_conserve6_478_to_483	0.00030282395891845226	coarse
Interneuron	tail_conserve6_483_to_488	5.5665172112639993e-05	coarse
Interneuron	tail_conserve6_488_to_493	0.00030883049475960433	coarse
Interneuron	tail_conserve6_493_to_498	0.00015898932178970426	coarse
Interneuron	tail_conserve6_498_to_503	0.00019158338545821607	coarse
Interneuron	tail_conserve6_503_to_508	0.0005286280065774918	coarse
reference	reference	1.1002914905548096	fine
reference	combo_Mute_crx1	1.1243304014205933	fine
reference	combo_Mute_crx2	0.3221341371536255	fine
reference	combo_Mute_crx2_crx1	0.7443700432777405	fine
reference	combo_Mute_crx3	1.0091612339019775	fine
reference	combo_Mute_crx3_crx1	1.0630074739456177	fine
reference	combo_Mute_crx3_crx2	0.9727727770805359	fine
reference	combo_Mute_crx4	1.069985032081604	fine
reference	combo_Mute_crx4_crx1	1.0932130813598633	fine
reference	combo_Mute_crx4_crx2	0.6011098027229309	fine
reference	combo_Mute_crx4_crx3	0.947626531124115	fine
reference	combo_Mute_crx5	1.1068135499954224	fine
reference	combo_Mute_crx5_crx1	1.0982815027236938	fine
reference	combo_Mute_crx5_crx2	0.4282018542289734	fine
reference	combo_Mute_crx5_crx3	0.9944057464599609	fine
reference	combo_Mute_crx5_crx4	1.0971401929855347	fine
reference	combo_Q50_crx1	1.1103179454803467	fine
reference	combo_Q50_crx2	1.0051980018615723	fine
reference	combo_Q50_crx2_crx1	0.9829253554344177	fine
reference	combo_Q50_crx3	1.0645197629928589	fine
reference	combo_Q50_crx3_crx1	1.104119062423706	fine
reference	combo_Q50_crx3_crx2	0.45732274651527405	fine
reference	combo_Q50_crx4	1.0756065845489502	fine
reference	combo_Q50_crx4_crx1	1.0797151327133179	fine
reference	combo_Q50_crx4_crx2	0.8057879209518433	fine
reference	combo_Q50_crx4_crx3	1.1015821695327759	fine
reference	combo_Q50_crx5	1.1265891790390015	fine
reference	combo_Q50_crx5_crx1	1.1404263973236084	fine
reference	combo_Q50_crx5_crx2	1.0763654708862305	fine
reference	combo_Q50_crx5_crx3	1.1024242639541626	fine
reference	combo_Q50_crx5_crx4	1.105054259300232	fine
reference	eboxDouble_gcagctgg_to_gcaaatgg	1.0530028343200684	fine
reference	eboxDouble_gcagctgg_to_gcaagtgg	0.9086188077926636	fine
reference	eboxDouble_gcagctgg_to_gcaattgg	1.0541912317276	fine
reference	eboxDouble_gcagctgg_to_gcacatgg	1.1035504341125488	fine
reference	eboxDouble_gcagctgg_to_gcacgtgg	1.0546119213104248	fine
reference	eboxDouble_gcagctgg_to_gcacttgg	1.036950707435608	fine
reference	eboxDouble_gcagctgg_to_gcatatgg	1.1315011978149414	fine
reference	eboxDouble_gcagctgg_to_gcatgtgg	0.9825232028961182	fine
reference	eboxDouble_gcagctgg_to_gcatttgg	0.9806790351867676	fine
reference	ebox_gcagctgg_to_acagctgg	1.1166073083877563	fine
reference	ebox_gcagctgg_to_ccagctgg	1.1263684034347534	fine
reference	ebox_gcagctgg_to_gaagctgg	1.0206385850906372	fine
reference	ebox_gcagctgg_to_gcaactgg	1.118323564529419	fine
reference	ebox_gcagctgg_to_gcacctgg	1.0664396286010742	fine
reference	ebox_gcagctgg_to_gcagatgg	1.088860034942627	fine
reference	ebox_gcagctgg_to_gcagcagg	1.0901683568954468	fine
reference	ebox_gcagctgg_to_gcagccgg	1.104866862297058	fine
reference	ebox_gcagctgg_to_gcagcggg	1.0670874118804932	fine
reference	ebox_gcagctgg_to_gcagctag	1.017802119255066	fine
reference	ebox_gcagctgg_to_gcagctcg	1.04770827293396	fine
reference	ebox_gcagctgg_to_gcagctga	0.9408836364746094	fine
reference	ebox_gcagctgg_to_gcagctgc	1.0891674757003784	fine
reference	ebox_gcagctgg_to_gcagctgt	1.044608473777771	fine
reference	ebox_gcagctgg_to_gcagcttg	1.2384203672409058	fine
reference	ebox_gcagctgg_to_gcaggtgg	1.0596615076065063	fine
reference	ebox_gcagctgg_to_gcagttgg	1.0620126724243164	fine
reference	ebox_gcagctgg_to_gcatctgg	1.1322855949401855	fine
reference	ebox_gcagctgg_to_gccgctgg	0.9421968460083008	fine
reference	ebox_gcagctgg_to_gcggctgg	1.1090351343154907	fine
reference	ebox_gcagctgg_to_gctgctgg	0.986707866191864	fine
reference	ebox_gcagctgg_to_ggagctgg	1.0518453121185303	fine
reference	ebox_gcagctgg_to_gtagctgg	1.0510681867599487	fine
reference	ebox_gcagctgg_to_tcagctgg	1.075121521949768	fine
reference	swap_crx1_to_gggataag_reverse	1.095568299293518	fine
reference	swap_crx1_to_gggattag_reverse	1.1227458715438843	fine
reference	swap_crx1_to_gggcttag_reverse	1.1187902688980103	fine
reference	swap_crx2_to_gggataag_reverse	1.070403814315796	fine
reference	swap_crx2_to_gggattag_reverse	1.0994371175765991	fine
reference	swap_crx2_to_gggcttag_reverse	1.082149624824524	fine
reference	swap_crx3_to_ctaagccc_forward	1.0573583841323853	fine
reference	swap_crx3_to_ctaatccc_forward	1.0980380773544312	fine
reference	swap_crx3_to_cttatccc_forward	1.0434550046920776	fine
reference	swap_crx4_to_ctaagccc_forward	1.1151732206344604	fine
reference	swap_crx4_to_ctaatccc_forward	1.1115812063217163	fine
reference	swap_crx4_to_cttatccc_forward	1.0699067115783691	fine
reference	swap_crx5_to_ctaagccc_forward	1.1041719913482666	fine
reference	swap_crx5_to_ctaatccc_forward	1.1340999603271484	fine
reference	swap_crx5_to_cttatccc_forward	1.140133261680603	fine
reference	tail_conserve1_159_to_164	1.11754310131073	fine
reference	tail_conserve1_164_to_169	1.0791393518447876	fine
reference	tail_conserve1_169_to_174	1.1105637550354004	fine
reference	tail_conserve2_173_to_178	1.0594233274459839	fine
reference	tail_conserve2_178_to_183	1.076264500617981	fine
reference	tail_conserve2_183_to_188	1.0575143098831177	fine
reference	tail_conserve2_188_to_193	1.004006028175354	fine
reference	tail_conserve2_193_to_198	1.0736020803451538	fine
reference	tail_conserve3_200_to_205	1.0390681028366089	fine
reference	tail_conserve3_205_to_210	0.724146842956543	fine
reference	tail_conserve3_210_to_215	1.1173498630523682	fine
reference	tail_conserve3_215_to_220	1.108864426612854	fine
reference	tail_conserve3_220_to_225	1.1161448955535889	fine
reference	tail_conserve3_225_to_230	1.0749545097351074	fine
reference	tail_conserve3_230_to_235	1.136629343032837	fine
reference	tail_conserve3_235_to_240	1.1178935766220093	fine
reference	tail_conserve3_240_to_245	1.1402429342269897	fine
reference	tail_conserve3_245_to_250	1.1239198446273804	fine
reference	tail_conserve3_250_to_255	1.1177877187728882	fine
reference	tail_conserve4_423_to_428	1.056510329246521	fine
reference	tail_conserve4_428_to_433	1.06986403465271	fine
reference	tail_conserve4_433_to_438	1.1205432415008545	fine
reference	tail_conserve5_443_to_448	1.1075375080108643	fine
reference	tail_conserve5_448_to_453	1.1067336797714233	fine
reference	tail_conserve5_453_to_458	1.109377384185791	fine
reference	tail_conserve5_458_to_463	1.1133843660354614	fine
reference	tail_conserve5_463_to_468	1.0884168148040771	fine
reference	tail_conserve5_468_to_473	1.072704792022705	fine
reference	tail_conserve5_473_to_478	1.1015456914901733	fine
reference	tail_conserve6_478_to_483	1.0829404592514038	fine
reference	tail_conserve6_483_to_488	1.089726209640503	fine
reference	tail_conserve6_488_to_493	1.0639259815216064	fine
reference	tail_conserve6_493_to_498	1.1008946895599365	fine
reference	tail_conserve6_498_to_503	1.1109238862991333	fine
reference	tail_conserve6_503_to_508	1.0968374013900757	fine
reference	wt_1	0.028242263942956924	fine
reference	wt_2	0.028985070064663887	fine
Bipolar	reference	1.1374744176864624	fine
Bipolar	combo_Mute_crx1	1.0888787508010864	fine
Bipolar	combo_Mute_crx2	0.4222939610481262	fine
Bipolar	combo_Mute_crx2_crx1	0.44610199332237244	fine
Bipolar	combo_Mute_crx3	1.1454640626907349	fine
Bipolar	combo_Mute_crx3_crx1	1.118035912513733	fine
Bipolar	combo_Mute_crx3_crx2	0.9152785539627075	fine
Bipolar	combo_Mute_crx4	1.1026785373687744	fine
Bipolar	combo_Mute_crx4_crx1	1.0112195014953613	fine
Bipolar	combo_Mute_crx4_crx2	0.5626277327537537	fine
Bipolar	combo_Mute_crx4_crx3	0.9386752843856812	fine
Bipolar	combo_Mute_crx5	1.0986417531967163	fine
Bipolar	combo_Mute_crx5_crx1	1.2330102920532227	fine
Bipolar	combo_Mute_crx5_crx2	0.7222614288330078	fine
Bipolar	combo_Mute_crx5_crx3	0.9083614349365234	fine
Bipolar	combo_Mute_crx5_crx4	1.1011759042739868	fine
Bipolar	combo_Q50_crx1	1.1071902513504028	fine
Bipolar	combo_Q50_crx2	0.986703634262085	fine
Bipolar	combo_Q50_crx2_crx1	0.9481234550476074	fine
Bipolar	combo_Q50_crx3	1.0534625053405762	fine
Bipolar	combo_Q50_crx3_crx1	1.0653326511383057	fine
Bipolar	combo_Q50_crx3_crx2	0.7085789442062378	fine
Bipolar	combo_Q50_crx4	1.1455262899398804	fine
Bipolar	combo_Q50_crx4_crx1	1.0094623565673828	fine
Bipolar	combo_Q50_crx4_crx2	0.5449827313423157	fine
Bipolar	combo_Q50_crx4_crx3	1.0603716373443604	fine
Bipolar	combo_Q50_crx5	1.157220721244812	fine
Bipolar	combo_Q50_crx5_crx1	1.1033776998519897	fine
Bipolar	combo_Q50_crx5_crx2	0.9519286751747131	fine
Bipolar	combo_Q50_crx5_crx3	1.0479371547698975	fine
Bipolar	combo_Q50_crx5_crx4	1.1332383155822754	fine
Bipolar	eboxDouble_gcagctgg_to_gcaaatgg	1.072372317314148	fine
Bipolar	eboxDouble_gcagctgg_to_gcaagtgg	1.0099618434906006	fine
Bipolar	eboxDouble_gcagctgg_to_gcaattgg	1.0827430486679077	fine
Bipolar	eboxDouble_gcagctgg_to_gcacatgg	1.1751103401184082	fine
Bipolar	eboxDouble_gcagctgg_to_gcacgtgg	1.039250373840332	fine
Bipolar	eboxDouble_gcagctgg_to_gcacttgg	1.0891854763031006	fine
Bipolar	eboxDouble_gcagctgg_to_gcatatgg	1.1643338203430176	fine
Bipolar	eboxDouble_gcagctgg_to_gcatgtgg	1.1246051788330078	fine
Bipolar	eboxDouble_gcagctgg_to_gcatttgg	1.177557110786438	fine
Bipolar	ebox_gcagctgg_to_acagctgg	1.2006338834762573	fine
Bipolar	ebox_gcagctgg_to_ccagctgg	1.2267091274261475	fine
Bipolar	ebox_gcagctgg_to_gaagctgg	1.0633556842803955	fine
Bipolar	ebox_gcagctgg_to_gcaactgg	1.1732673645019531	fine
Bipolar	ebox_gcagctgg_to_gcacctgg	1.3303741216659546	fine
Bipolar	ebox_gcagctgg_to_gcagatgg	1.0394666194915771	fine
Bipolar	ebox_gcagctgg_to_gcagcagg	1.1020402908325195	fine
Bipolar	ebox_gcagctgg_to_gcagccgg	1.002746343612671	fine
Bipolar	ebox_gcagctgg_to_gcagcggg	1.2442952394485474	fine
Bipolar	ebox_gcagctgg_to_gcagctag	1.0439789295196533	fine
Bipolar	ebox_gcagctgg_to_gcagctcg	1.023314356803894	fine
Bipolar	ebox_gcagctgg_to_gcagctgc	1.053124189376831	fine
Bipolar	ebox_gcagctgg_to_gcagctgt	1.0591096878051758	fine
Bipolar	ebox_gcagctgg_to_gcagcttg	1.03758704662323	fine
Bipolar	ebox_gcagctgg_to_gcaggtgg	1.2036194801330566	fine
Bipolar	ebox_gcagctgg_to_gcagttgg	1.2166668176651	fine
Bipolar	ebox_gcagctgg_to_gcatctgg	1.0946942567825317	fine
Bipolar	ebox_gcagctgg_to_gccgctgg	1.2041633129119873	fine
Bipolar	ebox_gcagctgg_to_gcggctgg	1.1584471464157104	fine
Bipolar	ebox_gcagctgg_to_gctgctgg	0.986339807510376	fine
Bipolar	ebox_gcagctgg_to_ggagctgg	0.9971582293510437	fine
Bipolar	ebox_gcagctgg_to_gtagctgg	1.0494866371154785	fine
Bipolar	ebox_gcagctgg_to_tcagctgg	1.1995294094085693	fine
Bipolar	swap_crx1_to_gggataag_reverse	1.0254796743392944	fine
Bipolar	swap_crx1_to_gggattag_reverse	1.1428896188735962	fine
Bipolar	swap_crx1_to_gggcttag_reverse	1.1295560598373413	fine
Bipolar	swap_crx2_to_gggataag_reverse	1.0935477018356323	fine
Bipolar	swap_crx2_to_gggattag_reverse	1.1410627365112305	fine
Bipolar	swap_crx2_to_gggcttag_reverse	1.0669773817062378	fine
Bipolar	swap_crx3_to_ctaagccc_forward	1.0955240726470947	fine
Bipolar	swap_crx3_to_ctaatccc_forward	1.144012451171875	fine
Bipolar	swap_crx3_to_cttatccc_forward	1.2221580743789673	fine
Bipolar	swap_crx4_to_ctaagccc_forward	1.0689250230789185	fine
Bipolar	swap_crx4_to_ctaatccc_forward	1.094626784324646	fine
Bipolar	swap_crx4_to_cttatccc_forward	1.121152400970459	fine
Bipolar	swap_crx5_to_ctaagccc_forward	1.2779033184051514	fine
Bipolar	swap_crx5_to_ctaatccc_forward	1.2308391332626343	fine
Bipolar	swap_crx5_to_cttatccc_forward	1.1000103950500488	fine
Bipolar	tail_conserve1_159_to_164	1.1256799697875977	fine
Bipolar	tail_conserve1_164_to_169	1.0379513502120972	fine
Bipolar	tail_conserve1_169_to_174	1.109075665473938	fine
Bipolar	tail_conserve2_173_to_178	1.2038222551345825	fine
Bipolar	tail_conserve2_178_to_183	1.1138578653335571	fine
Bipolar	tail_conserve2_183_to_188	1.1005706787109375	fine
Bipolar	tail_conserve2_188_to_193	1.127678632736206	fine
Bipolar	tail_conserve2_193_to_198	1.0999317169189453	fine
Bipolar	tail_conserve3_200_to_205	1.0162850618362427	fine
Bipolar	tail_conserve3_205_to_210	0.9426458477973938	fine
Bipolar	tail_conserve3_210_to_215	1.1816495656967163	fine
Bipolar	tail_conserve3_215_to_220	1.1422126293182373	fine
Bipolar	tail_conserve3_220_to_225	1.253822922706604	fine
Bipolar	tail_conserve3_225_to_230	1.0748752355575562	fine
Bipolar	tail_conserve3_230_to_235	1.046354055404663	fine
Bipolar	tail_conserve3_235_to_240	1.147858738899231	fine
Bipolar	tail_conserve3_240_to_245	1.1522976160049438	fine
Bipolar	tail_conserve3_245_to_250	1.0646374225616455	fine
Bipolar	tail_conserve3_250_to_255	1.0382211208343506	fine
Bipolar	tail_conserve4_423_to_428	1.118496298789978	fine
Bipolar	tail_conserve4_428_to_433	1.1527273654937744	fine
Bipolar	tail_conserve4_433_to_438	0.9779191017150879	fine
Bipolar	tail_conserve5_443_to_448	1.1626183986663818	fine
Bipolar	tail_conserve5_448_to_453	1.1496021747589111	fine
Bipolar	tail_conserve5_453_to_458	1.118725061416626	fine
Bipolar	tail_conserve5_458_to_463	1.052211880683899	fine
Bipolar	tail_conserve5_463_to_468	1.2318854331970215	fine
Bipolar	tail_conserve5_468_to_473	1.0237172842025757	fine
Bipolar	tail_conserve5_473_to_478	1.1037683486938477	fine
Bipolar	tail_conserve6_478_to_483	1.1649667024612427	fine
Bipolar	tail_conserve6_483_to_488	1.106003761291504	fine
Bipolar	tail_conserve6_488_to_493	1.0806950330734253	fine
Bipolar	tail_conserve6_493_to_498	1.104660153388977	fine
Bipolar	tail_conserve6_498_to_503	1.111443281173706	fine
Bipolar	tail_conserve6_503_to_508	1.0331645011901855	fine
Bipolar	wt_1	0.030793676152825356	fine
Bipolar	wt_2	0.030793676152825356	fine
Mueller Glia	reference	1.0845369100570679	fine
Mueller Glia	combo_Mute_crx1	1.1936575174331665	fine
Mueller Glia	combo_Mute_crx2	0.9631357192993164	fine
Mueller Glia	combo_Mute_crx2_crx1	0.7216245532035828	fine
Mueller Glia	combo_Mute_crx3	0.9286051392555237	fine
Mueller Glia	combo_Mute_crx3_crx1	1.0847946405410767	fine
Mueller Glia	combo_Mute_crx3_crx2	1.1355082988739014	fine
Mueller Glia	combo_Mute_crx4	1.2886735200881958	fine
Mueller Glia	combo_Mute_crx4_crx1	0.9470086097717285	fine
Mueller Glia	combo_Mute_crx4_crx2	1.1449589729309082	fine
Mueller Glia	combo_Mute_crx4_crx3	0.7267404198646545	fine
Mueller Glia	combo_Mute_crx5	1.006971836090088	fine
Mueller Glia	combo_Mute_crx5_crx1	0.9555357694625854	fine
Mueller Glia	combo_Mute_crx5_crx2	0.675974428653717	fine
Mueller Glia	combo_Mute_crx5_crx3	0.6533948183059692	fine
Mueller Glia	combo_Mute_crx5_crx4	1.0161733627319336	fine
Mueller Glia	combo_Q50_crx1	1.2149584293365479	fine
Mueller Glia	combo_Q50_crx2	1.1307730674743652	fine
Mueller Glia	combo_Q50_crx2_crx1	0.8632248640060425	fine
Mueller Glia	combo_Q50_crx3	1.2033014297485352	fine
Mueller Glia	combo_Q50_crx3_crx1	1.1006218194961548	fine
Mueller Glia	combo_Q50_crx3_crx2	0.7736987471580505	fine
Mueller Glia	combo_Q50_crx4	1.027073621749878	fine
Mueller Glia	combo_Q50_crx4_crx1	1.0221911668777466	fine
Mueller Glia	combo_Q50_crx4_crx2	1.4962750673294067	fine
Mueller Glia	combo_Q50_crx4_crx3	1.279283046722412	fine
Mueller Glia	combo_Q50_crx5	1.190812587738037	fine
Mueller Glia	combo_Q50_crx5_crx1	1.1872361898422241	fine
Mueller Glia	combo_Q50_crx5_crx2	0.8948994874954224	fine
Mueller Glia	combo_Q50_crx5_crx3	1.1085678339004517	fine
Mueller Glia	combo_Q50_crx5_crx4	1.1782680749893188	fine
Mueller Glia	eboxDouble_gcagctgg_to_gcaaatgg	0.8856717348098755	fine
Mueller Glia	eboxDouble_gcagctgg_to_gcaagtgg	1.0361624956130981	fine
Mueller Glia	eboxDouble_gcagctgg_to_gcaattgg	0.83808833360672	fine
Mueller Glia	eboxDouble_gcagctgg_to_gcacatgg	1.0288010835647583	fine
Mueller Glia	eboxDouble_gcagctgg_to_gcacgtgg	0.8661032915115356	fine
Mueller Glia	eboxDouble_gcagctgg_to_gcacttgg	1.1698007583618164	fine
Mueller Glia	eboxDouble_gcagctgg_to_gcatatgg	1.324469804763794	fine
Mueller Glia	eboxDouble_gcagctgg_to_gcatgtgg	0.9563374519348145	fine
Mueller Glia	eboxDouble_gcagctgg_to_gcatttgg	0.658595085144043	fine
Mueller Glia	ebox_gcagctgg_to_acagctgg	1.1148512363433838	fine
Mueller Glia	ebox_gcagctgg_to_ccagctgg	1.2365691661834717	fine
Mueller Glia	ebox_gcagctgg_to_gaagctgg	1.0219881534576416	fine
Mueller Glia	ebox_gcagctgg_to_gcaactgg	1.1293869018554688	fine
Mueller Glia	ebox_gcagctgg_to_gcacctgg	1.0996298789978027	fine
Mueller Glia	ebox_gcagctgg_to_gcagatgg	0.9677266478538513	fine
Mueller Glia	ebox_gcagctgg_to_gcagcagg	1.1537986993789673	fine
Mueller Glia	ebox_gcagctgg_to_gcagccgg	1.0122735500335693	fine
Mueller Glia	ebox_gcagctgg_to_gcagcggg	1.0924464464187622	fine
Mueller Glia	ebox_gcagctgg_to_gcagctag	1.084415316581726	fine
Mueller Glia	ebox_gcagctgg_to_gcagctcg	1.3466500043869019	fine
Mueller Glia	ebox_gcagctgg_to_gcagctga	0.03598013520240784	fine
Mueller Glia	ebox_gcagctgg_to_gcagctgc	1.1243139505386353	fine
Mueller Glia	ebox_gcagctgg_to_gcagctgt	0.9994659423828125	fine
Mueller Glia	ebox_gcagctgg_to_gcagcttg	1.1993203163146973	fine
Mueller Glia	ebox_gcagctgg_to_gcaggtgg	1.211799144744873	fine
Mueller Glia	ebox_gcagctgg_to_gcagttgg	1.1480247974395752	fine
Mueller Glia	ebox_gcagctgg_to_gcatctgg	1.0161885023117065	fine
Mueller Glia	ebox_gcagctgg_to_gccgctgg	0.9804120659828186	fine
Mueller Glia	ebox_gcagctgg_to_gcggctgg	1.143243670463562	fine
Mueller Glia	ebox_gcagctgg_to_gctgctgg	0.9223631620407104	fine
Mueller Glia	ebox_gcagctgg_to_ggagctgg	1.0213345289230347	fine
Mueller Glia	ebox_gcagctgg_to_gtagctgg	0.9417465329170227	fine
Mueller Glia	ebox_gcagctgg_to_tcagctgg	1.021594524383545	fine
Mueller Glia	swap_crx1_to_gggataag_reverse	0.9280520081520081	fine
Mueller Glia	swap_crx1_to_gggattag_reverse	0.9888554811477661	fine
Mueller Glia	swap_crx1_to_gggcttag_reverse	1.205297589302063	fine
Mueller Glia	swap_crx2_to_gggataag_reverse	1.225155234336853	fine
Mueller Glia	swap_crx2_to_gggattag_reverse	1.0750641822814941	fine
Mueller Glia	swap_crx2_to_gggcttag_reverse	1.0965375900268555	fine
Mueller Glia	swap_crx3_to_ctaagccc_forward	1.1218221187591553	fine
Mueller Glia	swap_crx3_to_ctaatccc_forward	1.1712135076522827	fine
Mueller Glia	swap_crx3_to_cttatccc_forward	1.0738967657089233	fine
Mueller Glia	swap_crx4_to_ctaagccc_forward	1.144903540611267	fine
Mueller Glia	swap_crx4_to_ctaatccc_forward	1.1048390865325928	fine
Mueller Glia	swap_crx4_to_cttatccc_forward	1.0175683498382568	fine
Mueller Glia	swap_crx5_to_ctaagccc_forward	1.0312726497650146	fine
Mueller Glia	swap_crx5_to_ctaatccc_forward	1.3061692714691162	fine
Mueller Glia	swap_crx5_to_cttatccc_forward	1.1261787414550781	fine
Mueller Glia	tail_conserve1_159_to_164	1.2240608930587769	fine
Mueller Glia	tail_conserve1_164_to_169	1.2632261514663696	fine
Mueller Glia	tail_conserve1_169_to_174	1.1076740026474	fine
Mueller Glia	tail_conserve2_173_to_178	1.1162705421447754	fine
Mueller Glia	tail_conserve2_178_to_183	1.322656273841858	fine
Mueller Glia	tail_conserve2_183_to_188	0.8564119338989258	fine
Mueller Glia	tail_conserve2_188_to_193	1.2013435363769531	fine
Mueller Glia	tail_conserve2_193_to_198	0.9128012657165527	fine
Mueller Glia	tail_conserve3_200_to_205	0.9706823229789734	fine
Mueller Glia	tail_conserve3_205_to_210	0.8494263291358948	fine
Mueller Glia	tail_conserve3_210_to_215	1.1177746057510376	fine
Mueller Glia	tail_conserve3_215_to_220	1.0894584655761719	fine
Mueller Glia	tail_conserve3_220_to_225	1.3324189186096191	fine
Mueller Glia	tail_conserve3_225_to_230	1.311679482460022	fine
Mueller Glia	tail_conserve3_230_to_235	1.3175009489059448	fine
Mueller Glia	tail_conserve3_235_to_240	1.1298857927322388	fine
Mueller Glia	tail_conserve3_240_to_245	1.1653918027877808	fine
Mueller Glia	tail_conserve3_245_to_250	1.1088215112686157	fine
Mueller Glia	tail_conserve3_250_to_255	1.0354889631271362	fine
Mueller Glia	tail_conserve4_423_to_428	0.9095078110694885	fine
Mueller Glia	tail_conserve4_428_to_433	1.0420197248458862	fine
Mueller Glia	tail_conserve4_433_to_438	0.934779942035675	fine
Mueller Glia	tail_conserve5_443_to_448	1.2570909261703491	fine
Mueller Glia	tail_conserve5_448_to_453	1.2993656396865845	fine
Mueller Glia	tail_conserve5_453_to_458	1.1562377214431763	fine
Mueller Glia	tail_conserve5_458_to_463	1.0785402059555054	fine
Mueller Glia	tail_conserve5_463_to_468	1.1383811235427856	fine
Mueller Glia	tail_conserve5_468_to_473	1.093831181526184	fine
Mueller Glia	tail_conserve5_473_to_478	1.035353183746338	fine
Mueller Glia	tail_conserve6_478_to_483	1.0775871276855469	fine
Mueller Glia	tail_conserve6_483_to_488	1.1283113956451416	fine
Mueller Glia	tail_conserve6_488_to_493	1.0964255332946777	fine
Mueller Glia	tail_conserve6_493_to_498	1.142466425895691	fine
Mueller Glia	tail_conserve6_498_to_503	1.038784146308899	fine
Mueller Glia	tail_conserve6_503_to_508	1.0737898349761963	fine
Mueller Glia	wt_1	0.02813015505671501	fine
Mueller Glia	wt_2	0.0283625740557909	fine
Interneuron	reference	1.162462592124939	fine
Interneuron	combo_Mute_crx1	1.0312492847442627	fine
Interneuron	combo_Mute_crx2	0.1563883274793625	fine
Interneuron	combo_Mute_crx2_crx1	0.17457813024520874	fine
Interneuron	combo_Mute_crx3	0.5767887830734253	fine
Interneuron	combo_Mute_crx3_crx1	0.8440815210342407	fine
Interneuron	combo_Mute_crx3_crx2	0.2946772277355194	fine
Interneuron	combo_Mute_crx4	0.6036348938941956	fine
Interneuron	combo_Mute_crx4_crx1	0.5998625159263611	fine
Interneuron	combo_Mute_crx4_crx2	0.11109182983636856	fine
Interneuron	combo_Mute_crx4_crx3	0.23806336522102356	fine
Interneuron	combo_Mute_crx5	0.795731782913208	fine
Interneuron	combo_Mute_crx5_crx1	1.0430948734283447	fine
Interneuron	combo_Mute_crx5_crx2	0.042064547538757324	fine
Interneuron	combo_Mute_crx5_crx3	0.7498351335525513	fine
Interneuron	combo_Mute_crx5_crx4	1.1434801816940308	fine
Interneuron	combo_Q50_crx1	0.9818894267082214	fine
Interneuron	combo_Q50_crx2	0.7319695949554443	fine
Interneuron	combo_Q50_crx2_crx1	0.9308118224143982	fine
Interneuron	combo_Q50_crx3	0.7503077387809753	fine
Interneuron	combo_Q50_crx3_crx1	1.0076566934585571	fine
Interneuron	combo_Q50_crx3_crx2	0.1052459180355072	fine
Interneuron	combo_Q50_crx4	0.8305713534355164	fine
Interneuron	combo_Q50_crx4_crx1	0.7351325750350952	fine
Interneuron	combo_Q50_crx4_crx2	0.1283547580242157	fine
Interneuron	combo_Q50_crx4_crx3	1.1764098405838013	fine
Interneuron	combo_Q50_crx5	1.0681647062301636	fine
Interneuron	combo_Q50_crx5_crx1	1.1085683107376099	fine
Interneuron	combo_Q50_crx5_crx2	0.5759597420692444	fine
Interneuron	combo_Q50_crx5_crx3	0.9068183898925781	fine
Interneuron	combo_Q50_crx5_crx4	1.122628092765808	fine
Interneuron	eboxDouble_gcagctgg_to_gcaaatgg	0.4041810631752014	fine
Interneuron	eboxDouble_gcagctgg_to_gcaagtgg	0.4166109263896942	fine
Interneuron	eboxDouble_gcagctgg_to_gcaattgg	0.31245824694633484	fine
Interneuron	eboxDouble_gcagctgg_to_gcacatgg	0.9241212010383606	fine
Interneuron	eboxDouble_gcagctgg_to_gcacgtgg	0.706976056098938	fine
Interneuron	eboxDouble_gcagctgg_to_gcacttgg	0.4121907651424408	fine
Interneuron	eboxDouble_gcagctgg_to_gcatatgg	0.7978947758674622	fine
Interneuron	eboxDouble_gcagctgg_to_gcatgtgg	0.7432873845100403	fine
Interneuron	eboxDouble_gcagctgg_to_gcatttgg	0.18180592358112335	fine
Interneuron	ebox_gcagctgg_to_acagctgg	0.8511529564857483	fine
Interneuron	ebox_gcagctgg_to_ccagctgg	0.650053083896637	fine
Interneuron	ebox_gcagctgg_to_gaagctgg	0.39717942476272583	fine
Interneuron	ebox_gcagctgg_to_gcaactgg	0.8046039938926697	fine
Interneuron	ebox_gcagctgg_to_gcacctgg	0.6328849792480469	fine
Interneuron	ebox_gcagctgg_to_gcagatgg	0.8582095503807068	fine
Interneuron	ebox_gcagctgg_to_gcagcagg	1.296226143836975	fine
Interneuron	ebox_gcagctgg_to_gcagccgg	0.5776464343070984	fine
Interneuron	ebox_gcagctgg_to_gcagcggg	0.7793291807174683	fine
Interneuron	ebox_gcagctgg_to_gcagctag	0.7320204973220825	fine
Interneuron	ebox_gcagctgg_to_gcagctcg	0.448761522769928	fine
Interneuron	ebox_gcagctgg_to_gcagctgt	1.000081181526184	fine
Interneuron	ebox_gcagctgg_to_gcagcttg	0.9999638199806213	fine
Interneuron	ebox_gcagctgg_to_gcaggtgg	0.4614439308643341	fine
Interneuron	ebox_gcagctgg_to_gcagttgg	0.8495383262634277	fine
Interneuron	ebox_gcagctgg_to_gcatctgg	0.8419053554534912	fine
Interneuron	ebox_gcagctgg_to_gccgctgg	0.2199684977531433	fine
Interneuron	ebox_gcagctgg_to_gcggctgg	0.7653360962867737	fine
Interneuron	ebox_gcagctgg_to_gctgctgg	0.5534574389457703	fine
Interneuron	ebox_gcagctgg_to_ggagctgg	0.6965575814247131	fine
Interneuron	ebox_gcagctgg_to_gtagctgg	0.5350974798202515	fine
Interneuron	ebox_gcagctgg_to_tcagctgg	0.6309261918067932	fine
Interneuron	swap_crx1_to_gggataag_reverse	0.5814277529716492	fine
Interneuron	swap_crx1_to_gggattag_reverse	1.0585719347000122	fine
Interneuron	swap_crx1_to_gggcttag_reverse	1.123975396156311	fine
Interneuron	swap_crx2_to_gggataag_reverse	0.5572482943534851	fine
Interneuron	swap_crx2_to_gggattag_reverse	0.9037231802940369	fine
Interneuron	swap_crx2_to_gggcttag_reverse	0.965825080871582	fine
Interneuron	swap_crx3_to_ctaagccc_forward	0.7830751538276672	fine
Interneuron	swap_crx3_to_ctaatccc_forward	1.007655382156372	fine
Interneuron	swap_crx3_to_cttatccc_forward	0.5832017064094543	fine
Interneuron	swap_crx4_to_ctaagccc_forward	0.8910918831825256	fine
Interneuron	swap_crx4_to_ctaatccc_forward	0.9589048624038696	fine
Interneuron	swap_crx4_to_cttatccc_forward	1.0333926677703857	fine
Interneuron	swap_crx5_to_ctaagccc_forward	1.2472097873687744	fine
Interneuron	swap_crx5_to_ctaatccc_forward	1.2142438888549805	fine
Interneuron	swap_crx5_to_cttatccc_forward	0.9431247711181641	fine
Interneuron	tail_conserve1_159_to_164	1.0228004455566406	fine
Interneuron	tail_conserve1_164_to_169	0.6682379841804504	fine
Interneuron	tail_conserve1_169_to_174	1.0658260583877563	fine
Interneuron	tail_conserve2_173_to_178	0.42046961188316345	fine
Interneuron	tail_conserve2_178_to_183	0.9707857370376587	fine
Interneuron	tail_conserve2_183_to_188	0.6109714508056641	fine
Interneuron	tail_conserve2_188_to_193	0.5294813513755798	fine
Interneuron	tail_conserve2_193_to_198	0.7553790807723999	fine
Interneuron	tail_conserve3_200_to_205	0.4999052882194519	fine
Interneuron	tail_conserve3_205_to_210	0.1444559097290039	fine
Interneuron	tail_conserve3_210_to_215	1.0511400699615479	fine
Interneuron	tail_conserve3_215_to_220	0.991274356842041	fine
Interneuron	tail_conserve3_220_to_225	0.9937283396720886	fine
Interneuron	tail_conserve3_225_to_230	0.7442768812179565	fine
Interneuron	tail_conserve3_230_to_235	0.8387895226478577	fine
Interneuron	tail_conserve3_235_to_240	0.9626089930534363	fine
Interneuron	tail_conserve3_240_to_245	1.0657958984375	fine
Interneuron	tail_conserve3_245_to_250	1.0013624429702759	fine
Interneuron	tail_conserve3_250_to_255	0.6742685437202454	fine
Interneuron	tail_conserve4_423_to_428	0.8024452328681946	fine
Interneuron	tail_conserve4_428_to_433	0.7013531923294067	fine
Interneuron	tail_conserve4_433_to_438	0.8822040557861328	fine
Interneuron	tail_conserve5_443_to_448	1.0070239305496216	fine
Interneuron	tail_conserve5_448_to_453	0.9416717290878296	fine
Interneuron	tail_conserve5_453_to_458	0.9894198775291443	fine
Interneuron	tail_conserve5_458_to_463	0.7787630558013916	fine
Interneuron	tail_conserve5_463_to_468	0.9290875196456909	fine
Interneuron	tail_conserve5_468_to_473	0.8170130252838135	fine
Interneuron	tail_conserve5_473_to_478	1.0077580213546753	fine
Interneuron	tail_conserve6_478_to_483	0.8285492062568665	fine
Interneuron	tail_conserve6_483_to_488	0.9397834539413452	fine
Interneuron	tail_conserve6_488_to_493	0.8796482682228088	fine
Interneuron	tail_conserve6_493_to_498	0.9274453520774841	fine
Interneuron	tail_conserve6_498_to_503	0.8767838478088379	fine
Interneuron	tail_conserve6_503_to_508	0.7794787883758545	fine
Interneuron	wt_1	0.019696082919836044	fine
Interneuron	wt_2	0.019722819328308105	fine
